Price Date,Commodity,Market,Modal Price
01/01/2024,Wheat,Jaipur APMC,2156.4
02/01/2024,Wheat,Jaipur APMC,2146.1
03/01/2024,Wheat,Jaipur APMC,2157.0
04/01/2024,Wheat,Jaipur APMC,2169.3
05/01/2024,Wheat,Jaipur APMC,2142.1
06/01/2024,Wheat,Jaipur APMC,2141.3
07/01/2024,Wheat,Jaipur APMC,2167.7
08/01/2024,Wheat,Jaipur APMC,2154.7
09/01/2024,Wheat,Jaipur APMC,2135.3
10/01/2024,Wheat,Jaipur APMC,2149.7
11/01/2024,Wheat,Jaipur APMC,2133.8
12/01/2024,Wheat,Jaipur APMC,2132.9
13/01/2024,Wheat,Jaipur APMC,2142.7
14/01/2024,Wheat,Jaipur APMC,2109.6
15/01/2024,Wheat,Jaipur APMC,2111.6
16/01/2024,Wheat,Jaipur APMC,2128.3
17/01/2024,Wheat,Jaipur APMC,2120.7
18/01/2024,Wheat,Jaipur APMC,2139.8
19/01/2024,Wheat,Jaipur APMC,2120.7
20/01/2024,Wheat,Jaipur APMC,2112.4
21/01/2024,Wheat,Jaipur APMC,2154.8
22/01/2024,Wheat,Jaipur APMC,2128.6
23/01/2024,Wheat,Jaipur APMC,2132.3
24/01/2024,Wheat,Jaipur APMC,2109.2
25/01/2024,Wheat,Jaipur APMC,2121.6
26/01/2024,Wheat,Jaipur APMC,2130.7
27/01/2024,Wheat,Jaipur APMC,2111.1
28/01/2024,Wheat,Jaipur APMC,2133.2
29/01/2024,Wheat,Jaipur APMC,2117.9
30/01/2024,Wheat,Jaipur APMC,2121.8
31/01/2024,Wheat,Jaipur APMC,2116.5
01/02/2024,Wheat,Jaipur APMC,2152.6
02/02/2024,Wheat,Jaipur APMC,2123.9
03/02/2024,Wheat,Jaipur APMC,2107.6
04/02/2024,Wheat,Jaipur APMC,2135.2
05/02/2024,Wheat,Jaipur APMC,2103.9
06/02/2024,Wheat,Jaipur APMC,2124.7
07/02/2024,Wheat,Jaipur APMC,2091.5
08/02/2024,Wheat,Jaipur APMC,2100.4
09/02/2024,Wheat,Jaipur APMC,2122.7
10/02/2024,Wheat,Jaipur APMC,2130.2
11/02/2024,Wheat,Jaipur APMC,2121.1
12/02/2024,Wheat,Jaipur APMC,2116.2
13/02/2024,Wheat,Jaipur APMC,2112.9
14/02/2024,Wheat,Jaipur APMC,2094.7
15/02/2024,Wheat,Jaipur APMC,2105.5
16/02/2024,Wheat,Jaipur APMC,2108.9
17/02/2024,Wheat,Jaipur APMC,2131.2
18/02/2024,Wheat,Jaipur APMC,2120.0
19/02/2024,Wheat,Jaipur APMC,2087.9
20/02/2024,Wheat,Jaipur APMC,2118.7
21/02/2024,Wheat,Jaipur APMC,2107.6
22/02/2024,Wheat,Jaipur APMC,2102.8
23/02/2024,Wheat,Jaipur APMC,2121.7
24/02/2024,Wheat,Jaipur APMC,2127.6
25/02/2024,Wheat,Jaipur APMC,2125.7
26/02/2024,Wheat,Jaipur APMC,2098.8
27/02/2024,Wheat,Jaipur APMC,2106.4
28/02/2024,Wheat,Jaipur APMC,2115.6
29/02/2024,Wheat,Jaipur APMC,2124.9
01/03/2024,Wheat,Jaipur APMC,2102.8
02/03/2024,Wheat,Jaipur APMC,2106.9
03/03/2024,Wheat,Jaipur APMC,2092.8
04/03/2024,Wheat,Jaipur APMC,2091.2
05/03/2024,Wheat,Jaipur APMC,2121.0
06/03/2024,Wheat,Jaipur APMC,2129.0
07/03/2024,Wheat,Jaipur APMC,2107.3
08/03/2024,Wheat,Jaipur APMC,2123.2
09/03/2024,Wheat,Jaipur APMC,2113.4
10/03/2024,Wheat,Jaipur APMC,2098.1
11/03/2024,Wheat,Jaipur APMC,2113.1
12/03/2024,Wheat,Jaipur APMC,2130.6
13/03/2024,Wheat,Jaipur APMC,2106.8
14/03/2024,Wheat,Jaipur APMC,2130.7
15/03/2024,Wheat,Jaipur APMC,2067.9
16/03/2024,Wheat,Jaipur APMC,2119.4
17/03/2024,Wheat,Jaipur APMC,2108.3
18/03/2024,Wheat,Jaipur APMC,2102.5
19/03/2024,Wheat,Jaipur APMC,2108.3
20/03/2024,Wheat,Jaipur APMC,2077.1
21/03/2024,Wheat,Jaipur APMC,2103.7
22/03/2024,Wheat,Jaipur APMC,2112.3
23/03/2024,Wheat,Jaipur APMC,2129.2
24/03/2024,Wheat,Jaipur APMC,2099.3
25/03/2024,Wheat,Jaipur APMC,2095.0
26/03/2024,Wheat,Jaipur APMC,2099.7
27/03/2024,Wheat,Jaipur APMC,2121.1
28/03/2024,Wheat,Jaipur APMC,2112.5
29/03/2024,Wheat,Jaipur APMC,2099.7
30/03/2024,Wheat,Jaipur APMC,2115.5
31/03/2024,Wheat,Jaipur APMC,2109.5
01/04/2024,Wheat,Jaipur APMC,2122.8
02/04/2024,Wheat,Jaipur APMC,2097.9
03/04/2024,Wheat,Jaipur APMC,2103.8
04/04/2024,Wheat,Jaipur APMC,2103.1
05/04/2024,Wheat,Jaipur APMC,2087.3
06/04/2024,Wheat,Jaipur APMC,2114.0
07/04/2024,Wheat,Jaipur APMC,2113.7
08/04/2024,Wheat,Jaipur APMC,2110.2
09/04/2024,Wheat,Jaipur APMC,2107.0
10/04/2024,Wheat,Jaipur APMC,2089.6
11/04/2024,Wheat,Jaipur APMC,2104.9
12/04/2024,Wheat,Jaipur APMC,2106.5
13/04/2024,Wheat,Jaipur APMC,2100.0
14/04/2024,Wheat,Jaipur APMC,2110.1
15/04/2024,Wheat,Jaipur APMC,2119.0
16/04/2024,Wheat,Jaipur APMC,2141.7
17/04/2024,Wheat,Jaipur APMC,2116.5
18/04/2024,Wheat,Jaipur APMC,2118.2
19/04/2024,Wheat,Jaipur APMC,2113.8
20/04/2024,Wheat,Jaipur APMC,2086.7
21/04/2024,Wheat,Jaipur APMC,2115.6
22/04/2024,Wheat,Jaipur APMC,2117.5
23/04/2024,Wheat,Jaipur APMC,2154.1
24/04/2024,Wheat,Jaipur APMC,2114.9
25/04/2024,Wheat,Jaipur APMC,2122.9
26/04/2024,Wheat,Jaipur APMC,2118.5
27/04/2024,Wheat,Jaipur APMC,2102.1
28/04/2024,Wheat,Jaipur APMC,2137.5
29/04/2024,Wheat,Jaipur APMC,2132.3
30/04/2024,Wheat,Jaipur APMC,2133.6
01/05/2024,Wheat,Jaipur APMC,2108.8
02/05/2024,Wheat,Jaipur APMC,2144.2
03/05/2024,Wheat,Jaipur APMC,2102.8
04/05/2024,Wheat,Jaipur APMC,2133.4
05/05/2024,Wheat,Jaipur APMC,2158.3
06/05/2024,Wheat,Jaipur APMC,2111.3
07/05/2024,Wheat,Jaipur APMC,2118.5
08/05/2024,Wheat,Jaipur APMC,2129.3
09/05/2024,Wheat,Jaipur APMC,2121.1
10/05/2024,Wheat,Jaipur APMC,2106.2
11/05/2024,Wheat,Jaipur APMC,2131.4
12/05/2024,Wheat,Jaipur APMC,2115.3
13/05/2024,Wheat,Jaipur APMC,2139.2
14/05/2024,Wheat,Jaipur APMC,2119.2
15/05/2024,Wheat,Jaipur APMC,2157.2
16/05/2024,Wheat,Jaipur APMC,2123.1
17/05/2024,Wheat,Jaipur APMC,2130.9
18/05/2024,Wheat,Jaipur APMC,2148.9
19/05/2024,Wheat,Jaipur APMC,2119.2
20/05/2024,Wheat,Jaipur APMC,2142.1
21/05/2024,Wheat,Jaipur APMC,2159.2
22/05/2024,Wheat,Jaipur APMC,2116.5
23/05/2024,Wheat,Jaipur APMC,2144.4
24/05/2024,Wheat,Jaipur APMC,2146.6
25/05/2024,Wheat,Jaipur APMC,2155.4
26/05/2024,Wheat,Jaipur APMC,2126.2
27/05/2024,Wheat,Jaipur APMC,2126.0
28/05/2024,Wheat,Jaipur APMC,2154.7
29/05/2024,Wheat,Jaipur APMC,2152.4
30/05/2024,Wheat,Jaipur APMC,2152.7
31/05/2024,Wheat,Jaipur APMC,2155.3
01/06/2024,Wheat,Jaipur APMC,2141.0
02/06/2024,Wheat,Jaipur APMC,2155.8
03/06/2024,Wheat,Jaipur APMC,2157.8
04/06/2024,Wheat,Jaipur APMC,2143.8
05/06/2024,Wheat,Jaipur APMC,2183.6
06/06/2024,Wheat,Jaipur APMC,2163.9
07/06/2024,Wheat,Jaipur APMC,2140.1
08/06/2024,Wheat,Jaipur APMC,2168.9
09/06/2024,Wheat,Jaipur APMC,2145.6
10/06/2024,Wheat,Jaipur APMC,2173.2
11/06/2024,Wheat,Jaipur APMC,2179.9
12/06/2024,Wheat,Jaipur APMC,2151.4
13/06/2024,Wheat,Jaipur APMC,2179.4
14/06/2024,Wheat,Jaipur APMC,2172.3
15/06/2024,Wheat,Jaipur APMC,2179.6
16/06/2024,Wheat,Jaipur APMC,2197.0
17/06/2024,Wheat,Jaipur APMC,2166.0
18/06/2024,Wheat,Jaipur APMC,2159.6
19/06/2024,Wheat,Jaipur APMC,2158.8
20/06/2024,Wheat,Jaipur APMC,2161.1
21/06/2024,Wheat,Jaipur APMC,2173.4
22/06/2024,Wheat,Jaipur APMC,2180.9
23/06/2024,Wheat,Jaipur APMC,2181.1
24/06/2024,Wheat,Jaipur APMC,2190.6
25/06/2024,Wheat,Jaipur APMC,2179.6
26/06/2024,Wheat,Jaipur APMC,2202.5
27/06/2024,Wheat,Jaipur APMC,2177.9
28/06/2024,Wheat,Jaipur APMC,2223.9
29/06/2024,Wheat,Jaipur APMC,2193.8
30/06/2024,Wheat,Jaipur APMC,2172.7
01/07/2024,Wheat,Jaipur APMC,2170.8
02/07/2024,Wheat,Jaipur APMC,2195.3
03/07/2024,Wheat,Jaipur APMC,2185.9
04/07/2024,Wheat,Jaipur APMC,2201.2
05/07/2024,Wheat,Jaipur APMC,2198.9
06/07/2024,Wheat,Jaipur APMC,2191.9
07/07/2024,Wheat,Jaipur APMC,2181.5
08/07/2024,Wheat,Jaipur APMC,2172.7
09/07/2024,Wheat,Jaipur APMC,2190.0
10/07/2024,Wheat,Jaipur APMC,2210.7
11/07/2024,Wheat,Jaipur APMC,2202.3
12/07/2024,Wheat,Jaipur APMC,2181.6
13/07/2024,Wheat,Jaipur APMC,2204.1
14/07/2024,Wheat,Jaipur APMC,2208.5
15/07/2024,Wheat,Jaipur APMC,2190.7
16/07/2024,Wheat,Jaipur APMC,2207.4
17/07/2024,Wheat,Jaipur APMC,2207.2
18/07/2024,Wheat,Jaipur APMC,2190.4
19/07/2024,Wheat,Jaipur APMC,2214.1
20/07/2024,Wheat,Jaipur APMC,2218.3
21/07/2024,Wheat,Jaipur APMC,2227.3
22/07/2024,Wheat,Jaipur APMC,2228.0
23/07/2024,Wheat,Jaipur APMC,2192.7
24/07/2024,Wheat,Jaipur APMC,2200.5
25/07/2024,Wheat,Jaipur APMC,2223.4
26/07/2024,Wheat,Jaipur APMC,2224.5
27/07/2024,Wheat,Jaipur APMC,2225.7
28/07/2024,Wheat,Jaipur APMC,2276.9
29/07/2024,Wheat,Jaipur APMC,2228.8
30/07/2024,Wheat,Jaipur APMC,2238.3
31/07/2024,Wheat,Jaipur APMC,2236.7
01/08/2024,Wheat,Jaipur APMC,2233.3
02/08/2024,Wheat,Jaipur APMC,2219.8
03/08/2024,Wheat,Jaipur APMC,2237.0
04/08/2024,Wheat,Jaipur APMC,2215.1
05/08/2024,Wheat,Jaipur APMC,2224.2
06/08/2024,Wheat,Jaipur APMC,2221.5
07/08/2024,Wheat,Jaipur APMC,2231.1
08/08/2024,Wheat,Jaipur APMC,2265.6
09/08/2024,Wheat,Jaipur APMC,2203.9
10/08/2024,Wheat,Jaipur APMC,2243.2
11/08/2024,Wheat,Jaipur APMC,2209.7
12/08/2024,Wheat,Jaipur APMC,2227.7
13/08/2024,Wheat,Jaipur APMC,2252.1
14/08/2024,Wheat,Jaipur APMC,2237.7
15/08/2024,Wheat,Jaipur APMC,2221.5
16/08/2024,Wheat,Jaipur APMC,2227.9
17/08/2024,Wheat,Jaipur APMC,2249.7
18/08/2024,Wheat,Jaipur APMC,2229.5
19/08/2024,Wheat,Jaipur APMC,2244.6
20/08/2024,Wheat,Jaipur APMC,2242.9
21/08/2024,Wheat,Jaipur APMC,2233.3
22/08/2024,Wheat,Jaipur APMC,2276.1
23/08/2024,Wheat,Jaipur APMC,2254.2
24/08/2024,Wheat,Jaipur APMC,2215.2
25/08/2024,Wheat,Jaipur APMC,2249.2
26/08/2024,Wheat,Jaipur APMC,2237.2
27/08/2024,Wheat,Jaipur APMC,2260.7
28/08/2024,Wheat,Jaipur APMC,2236.8
29/08/2024,Wheat,Jaipur APMC,2247.7
30/08/2024,Wheat,Jaipur APMC,2257.7
31/08/2024,Wheat,Jaipur APMC,2263.9
01/09/2024,Wheat,Jaipur APMC,2233.6
02/09/2024,Wheat,Jaipur APMC,2247.3
03/09/2024,Wheat,Jaipur APMC,2245.8
04/09/2024,Wheat,Jaipur APMC,2243.8
05/09/2024,Wheat,Jaipur APMC,2280.7
06/09/2024,Wheat,Jaipur APMC,2260.9
07/09/2024,Wheat,Jaipur APMC,2236.5
08/09/2024,Wheat,Jaipur APMC,2269.8
09/09/2024,Wheat,Jaipur APMC,2288.4
10/09/2024,Wheat,Jaipur APMC,2272.7
11/09/2024,Wheat,Jaipur APMC,2234.9
12/09/2024,Wheat,Jaipur APMC,2251.0
13/09/2024,Wheat,Jaipur APMC,2277.7
14/09/2024,Wheat,Jaipur APMC,2248.6
15/09/2024,Wheat,Jaipur APMC,2266.4
16/09/2024,Wheat,Jaipur APMC,2271.8
17/09/2024,Wheat,Jaipur APMC,2246.7
18/09/2024,Wheat,Jaipur APMC,2260.1
19/09/2024,Wheat,Jaipur APMC,2212.8
20/09/2024,Wheat,Jaipur APMC,2246.4
21/09/2024,Wheat,Jaipur APMC,2258.4
22/09/2024,Wheat,Jaipur APMC,2243.8
23/09/2024,Wheat,Jaipur APMC,2287.3
24/09/2024,Wheat,Jaipur APMC,2241.7
25/09/2024,Wheat,Jaipur APMC,2256.9
26/09/2024,Wheat,Jaipur APMC,2265.7
27/09/2024,Wheat,Jaipur APMC,2285.6
28/09/2024,Wheat,Jaipur APMC,2242.7
29/09/2024,Wheat,Jaipur APMC,2281.9
30/09/2024,Wheat,Jaipur APMC,2264.8
01/10/2024,Wheat,Jaipur APMC,2250.1
02/10/2024,Wheat,Jaipur APMC,2272.0
03/10/2024,Wheat,Jaipur APMC,2268.2
04/10/2024,Wheat,Jaipur APMC,2256.3
05/10/2024,Wheat,Jaipur APMC,2266.5
06/10/2024,Wheat,Jaipur APMC,2259.8
07/10/2024,Wheat,Jaipur APMC,2267.3
08/10/2024,Wheat,Jaipur APMC,2275.6
09/10/2024,Wheat,Jaipur APMC,2289.5
10/10/2024,Wheat,Jaipur APMC,2247.2
11/10/2024,Wheat,Jaipur APMC,2297.8
12/10/2024,Wheat,Jaipur APMC,2236.5
13/10/2024,Wheat,Jaipur APMC,2263.5
14/10/2024,Wheat,Jaipur APMC,2274.6
15/10/2024,Wheat,Jaipur APMC,2269.9
16/10/2024,Wheat,Jaipur APMC,2256.3
17/10/2024,Wheat,Jaipur APMC,2262.4
18/10/2024,Wheat,Jaipur APMC,2258.0
19/10/2024,Wheat,Jaipur APMC,2256.4
20/10/2024,Wheat,Jaipur APMC,2277.9
21/10/2024,Wheat,Jaipur APMC,2270.3
22/10/2024,Wheat,Jaipur APMC,2254.4
23/10/2024,Wheat,Jaipur APMC,2278.1
24/10/2024,Wheat,Jaipur APMC,2269.0
25/10/2024,Wheat,Jaipur APMC,2276.4
26/10/2024,Wheat,Jaipur APMC,2273.4
27/10/2024,Wheat,Jaipur APMC,2251.3
28/10/2024,Wheat,Jaipur APMC,2255.0
29/10/2024,Wheat,Jaipur APMC,2274.3
30/10/2024,Wheat,Jaipur APMC,2272.0
31/10/2024,Wheat,Jaipur APMC,2262.2
01/11/2024,Wheat,Jaipur APMC,2263.9
02/11/2024,Wheat,Jaipur APMC,2281.0
03/11/2024,Wheat,Jaipur APMC,2252.6
04/11/2024,Wheat,Jaipur APMC,2269.3
05/11/2024,Wheat,Jaipur APMC,2257.7
06/11/2024,Wheat,Jaipur APMC,2257.0
07/11/2024,Wheat,Jaipur APMC,2276.4
08/11/2024,Wheat,Jaipur APMC,2271.8
09/11/2024,Wheat,Jaipur APMC,2271.2
10/11/2024,Wheat,Jaipur APMC,2278.1
11/11/2024,Wheat,Jaipur APMC,2258.4
12/11/2024,Wheat,Jaipur APMC,2267.8
13/11/2024,Wheat,Jaipur APMC,2252.4
14/11/2024,Wheat,Jaipur APMC,2261.4
15/11/2024,Wheat,Jaipur APMC,2254.1
16/11/2024,Wheat,Jaipur APMC,2256.9
17/11/2024,Wheat,Jaipur APMC,2263.8
18/11/2024,Wheat,Jaipur APMC,2242.1
19/11/2024,Wheat,Jaipur APMC,2285.2
20/11/2024,Wheat,Jaipur APMC,2238.1
21/11/2024,Wheat,Jaipur APMC,2234.4
22/11/2024,Wheat,Jaipur APMC,2269.4
23/11/2024,Wheat,Jaipur APMC,2263.2
24/11/2024,Wheat,Jaipur APMC,2260.1
25/11/2024,Wheat,Jaipur APMC,2259.5
26/11/2024,Wheat,Jaipur APMC,2249.2
27/11/2024,Wheat,Jaipur APMC,2235.3
28/11/2024,Wheat,Jaipur APMC,2249.2
29/11/2024,Wheat,Jaipur APMC,2237.3
30/11/2024,Wheat,Jaipur APMC,2261.3
01/12/2024,Wheat,Jaipur APMC,2243.8
02/12/2024,Wheat,Jaipur APMC,2232.9
03/12/2024,Wheat,Jaipur APMC,2239.8
04/12/2024,Wheat,Jaipur APMC,2250.1
05/12/2024,Wheat,Jaipur APMC,2234.7
06/12/2024,Wheat,Jaipur APMC,2230.1
07/12/2024,Wheat,Jaipur APMC,2245.3
08/12/2024,Wheat,Jaipur APMC,2244.6
09/12/2024,Wheat,Jaipur APMC,2232.5
10/12/2024,Wheat,Jaipur APMC,2232.3
11/12/2024,Wheat,Jaipur APMC,2242.1
12/12/2024,Wheat,Jaipur APMC,2216.1
13/12/2024,Wheat,Jaipur APMC,2215.9
14/12/2024,Wheat,Jaipur APMC,2225.5
15/12/2024,Wheat,Jaipur APMC,2232.3
16/12/2024,Wheat,Jaipur APMC,2239.3
17/12/2024,Wheat,Jaipur APMC,2256.0
18/12/2024,Wheat,Jaipur APMC,2245.9
19/12/2024,Wheat,Jaipur APMC,2229.8
20/12/2024,Wheat,Jaipur APMC,2231.1
21/12/2024,Wheat,Jaipur APMC,2215.6
22/12/2024,Wheat,Jaipur APMC,2229.5
23/12/2024,Wheat,Jaipur APMC,2224.6
24/12/2024,Wheat,Jaipur APMC,2233.0
25/12/2024,Wheat,Jaipur APMC,2214.9
26/12/2024,Wheat,Jaipur APMC,2234.3
27/12/2024,Wheat,Jaipur APMC,2248.6
28/12/2024,Wheat,Jaipur APMC,2223.2
29/12/2024,Wheat,Jaipur APMC,2230.0
30/12/2024,Wheat,Jaipur APMC,2233.5
31/12/2024,Wheat,Jaipur APMC,2216.3
01/01/2025,Wheat,Jaipur APMC,2225.6
02/01/2025,Wheat,Jaipur APMC,2221.6
03/01/2025,Wheat,Jaipur APMC,2222.1
04/01/2025,Wheat,Jaipur APMC,2208.2
05/01/2025,Wheat,Jaipur APMC,2219.3
06/01/2025,Wheat,Jaipur APMC,2225.6
07/01/2025,Wheat,Jaipur APMC,2239.1
08/01/2025,Wheat,Jaipur APMC,2230.9
09/01/2025,Wheat,Jaipur APMC,2247.9
10/01/2025,Wheat,Jaipur APMC,2203.3
11/01/2025,Wheat,Jaipur APMC,2227.1
12/01/2025,Wheat,Jaipur APMC,2216.0
13/01/2025,Wheat,Jaipur APMC,2245.2
14/01/2025,Wheat,Jaipur APMC,2199.5
15/01/2025,Wheat,Jaipur APMC,2198.2
16/01/2025,Wheat,Jaipur APMC,2201.0
17/01/2025,Wheat,Jaipur APMC,2177.3
18/01/2025,Wheat,Jaipur APMC,2200.5
19/01/2025,Wheat,Jaipur APMC,2196.3
20/01/2025,Wheat,Jaipur APMC,2209.1
21/01/2025,Wheat,Jaipur APMC,2211.2
22/01/2025,Wheat,Jaipur APMC,2233.5
23/01/2025,Wheat,Jaipur APMC,2218.8
24/01/2025,Wheat,Jaipur APMC,2195.2
25/01/2025,Wheat,Jaipur APMC,2189.6
26/01/2025,Wheat,Jaipur APMC,2209.7
27/01/2025,Wheat,Jaipur APMC,2181.8
28/01/2025,Wheat,Jaipur APMC,2228.4
29/01/2025,Wheat,Jaipur APMC,2217.9
30/01/2025,Wheat,Jaipur APMC,2192.5
31/01/2025,Wheat,Jaipur APMC,2173.1
01/02/2025,Wheat,Jaipur APMC,2218.4
02/02/2025,Wheat,Jaipur APMC,2195.7
03/02/2025,Wheat,Jaipur APMC,2215.3
04/02/2025,Wheat,Jaipur APMC,2172.2
05/02/2025,Wheat,Jaipur APMC,2186.5
06/02/2025,Wheat,Jaipur APMC,2194.9
07/02/2025,Wheat,Jaipur APMC,2194.9
08/02/2025,Wheat,Jaipur APMC,2186.9
09/02/2025,Wheat,Jaipur APMC,2202.3
10/02/2025,Wheat,Jaipur APMC,2176.4
11/02/2025,Wheat,Jaipur APMC,2189.7
12/02/2025,Wheat,Jaipur APMC,2193.1
13/02/2025,Wheat,Jaipur APMC,2198.4
14/02/2025,Wheat,Jaipur APMC,2200.8
15/02/2025,Wheat,Jaipur APMC,2172.8
16/02/2025,Wheat,Jaipur APMC,2166.1
17/02/2025,Wheat,Jaipur APMC,2207.8
18/02/2025,Wheat,Jaipur APMC,2193.1
19/02/2025,Wheat,Jaipur APMC,2176.4
20/02/2025,Wheat,Jaipur APMC,2210.4
21/02/2025,Wheat,Jaipur APMC,2188.5
22/02/2025,Wheat,Jaipur APMC,2204.0
23/02/2025,Wheat,Jaipur APMC,2186.9
24/02/2025,Wheat,Jaipur APMC,2216.4
25/02/2025,Wheat,Jaipur APMC,2211.4
26/02/2025,Wheat,Jaipur APMC,2180.9
27/02/2025,Wheat,Jaipur APMC,2198.9
28/02/2025,Wheat,Jaipur APMC,2193.6
01/03/2025,Wheat,Jaipur APMC,2204.1
02/03/2025,Wheat,Jaipur APMC,2168.8
03/03/2025,Wheat,Jaipur APMC,2193.3
04/03/2025,Wheat,Jaipur APMC,2198.6
05/03/2025,Wheat,Jaipur APMC,2156.0
06/03/2025,Wheat,Jaipur APMC,2164.4
07/03/2025,Wheat,Jaipur APMC,2151.3
08/03/2025,Wheat,Jaipur APMC,2177.6
09/03/2025,Wheat,Jaipur APMC,2192.2
10/03/2025,Wheat,Jaipur APMC,2203.8
11/03/2025,Wheat,Jaipur APMC,2182.2
12/03/2025,Wheat,Jaipur APMC,2205.4
13/03/2025,Wheat,Jaipur APMC,2160.1
14/03/2025,Wheat,Jaipur APMC,2155.1
15/03/2025,Wheat,Jaipur APMC,2179.7
16/03/2025,Wheat,Jaipur APMC,2186.2
17/03/2025,Wheat,Jaipur APMC,2179.9
18/03/2025,Wheat,Jaipur APMC,2149.3
19/03/2025,Wheat,Jaipur APMC,2178.9
20/03/2025,Wheat,Jaipur APMC,2160.7
21/03/2025,Wheat,Jaipur APMC,2190.3
22/03/2025,Wheat,Jaipur APMC,2185.8
23/03/2025,Wheat,Jaipur APMC,2166.2
24/03/2025,Wheat,Jaipur APMC,2172.6
25/03/2025,Wheat,Jaipur APMC,2164.5
26/03/2025,Wheat,Jaipur APMC,2179.5
27/03/2025,Wheat,Jaipur APMC,2194.9
28/03/2025,Wheat,Jaipur APMC,2165.9
29/03/2025,Wheat,Jaipur APMC,2188.4
30/03/2025,Wheat,Jaipur APMC,2173.0
31/03/2025,Wheat,Jaipur APMC,2169.2
01/04/2025,Wheat,Jaipur APMC,2179.7
02/04/2025,Wheat,Jaipur APMC,2166.0
03/04/2025,Wheat,Jaipur APMC,2173.4
04/04/2025,Wheat,Jaipur APMC,2164.0
05/04/2025,Wheat,Jaipur APMC,2211.7
06/04/2025,Wheat,Jaipur APMC,2183.0
07/04/2025,Wheat,Jaipur APMC,2172.3
08/04/2025,Wheat,Jaipur APMC,2186.3
09/04/2025,Wheat,Jaipur APMC,2181.8
10/04/2025,Wheat,Jaipur APMC,2180.5
11/04/2025,Wheat,Jaipur APMC,2193.4
12/04/2025,Wheat,Jaipur APMC,2195.9
13/04/2025,Wheat,Jaipur APMC,2177.0
14/04/2025,Wheat,Jaipur APMC,2176.7
15/04/2025,Wheat,Jaipur APMC,2181.7
16/04/2025,Wheat,Jaipur APMC,2151.7
17/04/2025,Wheat,Jaipur APMC,2164.0
18/04/2025,Wheat,Jaipur APMC,2207.7
19/04/2025,Wheat,Jaipur APMC,2212.4
20/04/2025,Wheat,Jaipur APMC,2184.5
21/04/2025,Wheat,Jaipur APMC,2197.4
22/04/2025,Wheat,Jaipur APMC,2194.0
23/04/2025,Wheat,Jaipur APMC,2236.0
24/04/2025,Wheat,Jaipur APMC,2207.2
25/04/2025,Wheat,Jaipur APMC,2189.1
26/04/2025,Wheat,Jaipur APMC,2177.3
27/04/2025,Wheat,Jaipur APMC,2168.2
28/04/2025,Wheat,Jaipur APMC,2196.0
29/04/2025,Wheat,Jaipur APMC,2182.3
30/04/2025,Wheat,Jaipur APMC,2173.0
01/05/2025,Wheat,Jaipur APMC,2185.3
02/05/2025,Wheat,Jaipur APMC,2179.5
03/05/2025,Wheat,Jaipur APMC,2221.7
04/05/2025,Wheat,Jaipur APMC,2210.4
05/05/2025,Wheat,Jaipur APMC,2197.8
06/05/2025,Wheat,Jaipur APMC,2220.9
07/05/2025,Wheat,Jaipur APMC,2200.6
08/05/2025,Wheat,Jaipur APMC,2187.4
09/05/2025,Wheat,Jaipur APMC,2224.0
10/05/2025,Wheat,Jaipur APMC,2210.0
11/05/2025,Wheat,Jaipur APMC,2187.2
12/05/2025,Wheat,Jaipur APMC,2200.8
13/05/2025,Wheat,Jaipur APMC,2191.4
14/05/2025,Wheat,Jaipur APMC,2184.7
15/05/2025,Wheat,Jaipur APMC,2220.2
16/05/2025,Wheat,Jaipur APMC,2235.8
17/05/2025,Wheat,Jaipur APMC,2187.2
18/05/2025,Wheat,Jaipur APMC,2217.5
19/05/2025,Wheat,Jaipur APMC,2200.3
20/05/2025,Wheat,Jaipur APMC,2203.7
21/05/2025,Wheat,Jaipur APMC,2203.1
22/05/2025,Wheat,Jaipur APMC,2200.0
23/05/2025,Wheat,Jaipur APMC,2214.7
24/05/2025,Wheat,Jaipur APMC,2202.5
25/05/2025,Wheat,Jaipur APMC,2220.0
26/05/2025,Wheat,Jaipur APMC,2216.2
27/05/2025,Wheat,Jaipur APMC,2214.4
28/05/2025,Wheat,Jaipur APMC,2205.5
29/05/2025,Wheat,Jaipur APMC,2211.5
30/05/2025,Wheat,Jaipur APMC,2232.5
31/05/2025,Wheat,Jaipur APMC,2229.8
01/06/2025,Wheat,Jaipur APMC,2208.7
02/06/2025,Wheat,Jaipur APMC,2226.0
03/06/2025,Wheat,Jaipur APMC,2236.8
04/06/2025,Wheat,Jaipur APMC,2201.6
05/06/2025,Wheat,Jaipur APMC,2236.0
06/06/2025,Wheat,Jaipur APMC,2219.0
07/06/2025,Wheat,Jaipur APMC,2238.6
08/06/2025,Wheat,Jaipur APMC,2219.8
09/06/2025,Wheat,Jaipur APMC,2205.3
10/06/2025,Wheat,Jaipur APMC,2209.1
11/06/2025,Wheat,Jaipur APMC,2235.4
12/06/2025,Wheat,Jaipur APMC,2239.8
13/06/2025,Wheat,Jaipur APMC,2223.5
14/06/2025,Wheat,Jaipur APMC,2247.8
15/06/2025,Wheat,Jaipur APMC,2214.5
16/06/2025,Wheat,Jaipur APMC,2239.6
17/06/2025,Wheat,Jaipur APMC,2223.6
18/06/2025,Wheat,Jaipur APMC,2233.2
19/06/2025,Wheat,Jaipur APMC,2244.9
20/06/2025,Wheat,Jaipur APMC,2232.5
21/06/2025,Wheat,Jaipur APMC,2240.9
22/06/2025,Wheat,Jaipur APMC,2262.9
23/06/2025,Wheat,Jaipur APMC,2240.4
24/06/2025,Wheat,Jaipur APMC,2262.8
25/06/2025,Wheat,Jaipur APMC,2234.6
26/06/2025,Wheat,Jaipur APMC,2260.7
27/06/2025,Wheat,Jaipur APMC,2275.6
28/06/2025,Wheat,Jaipur APMC,2218.1
29/06/2025,Wheat,Jaipur APMC,2244.5
30/06/2025,Wheat,Jaipur APMC,2266.3
01/07/2025,Wheat,Jaipur APMC,2255.9
02/07/2025,Wheat,Jaipur APMC,2265.7
03/07/2025,Wheat,Jaipur APMC,2252.3
04/07/2025,Wheat,Jaipur APMC,2263.9
05/07/2025,Wheat,Jaipur APMC,2261.5
06/07/2025,Wheat,Jaipur APMC,2282.6
07/07/2025,Wheat,Jaipur APMC,2270.1
08/07/2025,Wheat,Jaipur APMC,2272.6
09/07/2025,Wheat,Jaipur APMC,2262.6
10/07/2025,Wheat,Jaipur APMC,2262.6
11/07/2025,Wheat,Jaipur APMC,2264.7
12/07/2025,Wheat,Jaipur APMC,2278.3
13/07/2025,Wheat,Jaipur APMC,2267.3
14/07/2025,Wheat,Jaipur APMC,2279.2
15/07/2025,Wheat,Jaipur APMC,2307.2
16/07/2025,Wheat,Jaipur APMC,2290.3
17/07/2025,Wheat,Jaipur APMC,2273.5
18/07/2025,Wheat,Jaipur APMC,2297.6
19/07/2025,Wheat,Jaipur APMC,2274.7
20/07/2025,Wheat,Jaipur APMC,2251.4
21/07/2025,Wheat,Jaipur APMC,2268.1
22/07/2025,Wheat,Jaipur APMC,2256.3
23/07/2025,Wheat,Jaipur APMC,2280.2
24/07/2025,Wheat,Jaipur APMC,2287.0
25/07/2025,Wheat,Jaipur APMC,2313.0
26/07/2025,Wheat,Jaipur APMC,2293.9
27/07/2025,Wheat,Jaipur APMC,2286.8
28/07/2025,Wheat,Jaipur APMC,2303.7
29/07/2025,Wheat,Jaipur APMC,2259.2
30/07/2025,Wheat,Jaipur APMC,2297.0
31/07/2025,Wheat,Jaipur APMC,2306.2
01/08/2025,Wheat,Jaipur APMC,2273.5
02/08/2025,Wheat,Jaipur APMC,2313.9
03/08/2025,Wheat,Jaipur APMC,2302.9
04/08/2025,Wheat,Jaipur APMC,2292.7
05/08/2025,Wheat,Jaipur APMC,2309.5
06/08/2025,Wheat,Jaipur APMC,2335.1
07/08/2025,Wheat,Jaipur APMC,2304.8
08/08/2025,Wheat,Jaipur APMC,2306.9
09/08/2025,Wheat,Jaipur APMC,2297.3
10/08/2025,Wheat,Jaipur APMC,2292.4
11/08/2025,Wheat,Jaipur APMC,2318.6
12/08/2025,Wheat,Jaipur APMC,2294.3
13/08/2025,Wheat,Jaipur APMC,2309.2
14/08/2025,Wheat,Jaipur APMC,2301.9
15/08/2025,Wheat,Jaipur APMC,2317.2
16/08/2025,Wheat,Jaipur APMC,2316.0
17/08/2025,Wheat,Jaipur APMC,2327.5
18/08/2025,Wheat,Jaipur APMC,2305.2
19/08/2025,Wheat,Jaipur APMC,2309.7
20/08/2025,Wheat,Jaipur APMC,2299.9
21/08/2025,Wheat,Jaipur APMC,2308.8
22/08/2025,Wheat,Jaipur APMC,2322.0
23/08/2025,Wheat,Jaipur APMC,2328.6
24/08/2025,Wheat,Jaipur APMC,2304.2
25/08/2025,Wheat,Jaipur APMC,2331.9
26/08/2025,Wheat,Jaipur APMC,2340.0
27/08/2025,Wheat,Jaipur APMC,2326.6
28/08/2025,Wheat,Jaipur APMC,2349.4
29/08/2025,Wheat,Jaipur APMC,2310.4
30/08/2025,Wheat,Jaipur APMC,2304.1
31/08/2025,Wheat,Jaipur APMC,2296.8
01/09/2025,Wheat,Jaipur APMC,2346.6
02/09/2025,Wheat,Jaipur APMC,2334.7
03/09/2025,Wheat,Jaipur APMC,2324.7
04/09/2025,Wheat,Jaipur APMC,2330.4
05/09/2025,Wheat,Jaipur APMC,2310.0
06/09/2025,Wheat,Jaipur APMC,2364.2
07/09/2025,Wheat,Jaipur APMC,2330.1
08/09/2025,Wheat,Jaipur APMC,2330.4
09/09/2025,Wheat,Jaipur APMC,2340.2
10/09/2025,Wheat,Jaipur APMC,2337.1
11/09/2025,Wheat,Jaipur APMC,2333.8
12/09/2025,Wheat,Jaipur APMC,2319.2
13/09/2025,Wheat,Jaipur APMC,2338.6
14/09/2025,Wheat,Jaipur APMC,2360.3
15/09/2025,Wheat,Jaipur APMC,2352.7
16/09/2025,Wheat,Jaipur APMC,2356.9
17/09/2025,Wheat,Jaipur APMC,2325.8
18/09/2025,Wheat,Jaipur APMC,2319.0
19/09/2025,Wheat,Jaipur APMC,2332.4
20/09/2025,Wheat,Jaipur APMC,2335.5
21/09/2025,Wheat,Jaipur APMC,2351.5
22/09/2025,Wheat,Jaipur APMC,2310.1
23/09/2025,Wheat,Jaipur APMC,2358.8
24/09/2025,Wheat,Jaipur APMC,2333.8
25/09/2025,Wheat,Jaipur APMC,2330.1
26/09/2025,Wheat,Jaipur APMC,2321.6
27/09/2025,Wheat,Jaipur APMC,2312.2
28/09/2025,Wheat,Jaipur APMC,2349.6
29/09/2025,Wheat,Jaipur APMC,2338.6
30/09/2025,Wheat,Jaipur APMC,2318.4
01/10/2025,Wheat,Jaipur APMC,2318.5
02/10/2025,Wheat,Jaipur APMC,2333.1
03/10/2025,Wheat,Jaipur APMC,2363.4
04/10/2025,Wheat,Jaipur APMC,2334.6
05/10/2025,Wheat,Jaipur APMC,2316.1
06/10/2025,Wheat,Jaipur APMC,2335.1
07/10/2025,Wheat,Jaipur APMC,2334.8
08/10/2025,Wheat,Jaipur APMC,2298.5
09/10/2025,Wheat,Jaipur APMC,2338.2
10/10/2025,Wheat,Jaipur APMC,2335.6
11/10/2025,Wheat,Jaipur APMC,2349.5
12/10/2025,Wheat,Jaipur APMC,2366.8
13/10/2025,Wheat,Jaipur APMC,2356.0
14/10/2025,Wheat,Jaipur APMC,2335.0
15/10/2025,Wheat,Jaipur APMC,2322.4
16/10/2025,Wheat,Jaipur APMC,2377.6
17/10/2025,Wheat,Jaipur APMC,2339.8
18/10/2025,Wheat,Jaipur APMC,2339.0
19/10/2025,Wheat,Jaipur APMC,2338.3
20/10/2025,Wheat,Jaipur APMC,2341.5
21/10/2025,Wheat,Jaipur APMC,2336.3
22/10/2025,Wheat,Jaipur APMC,2329.7
23/10/2025,Wheat,Jaipur APMC,2329.9
24/10/2025,Wheat,Jaipur APMC,2337.4
25/10/2025,Wheat,Jaipur APMC,2329.6
26/10/2025,Wheat,Jaipur APMC,2326.8
27/10/2025,Wheat,Jaipur APMC,2338.8
28/10/2025,Wheat,Jaipur APMC,2333.2
29/10/2025,Wheat,Jaipur APMC,2359.3
30/10/2025,Wheat,Jaipur APMC,2296.7
31/10/2025,Wheat,Jaipur APMC,2352.5
01/11/2025,Wheat,Jaipur APMC,2354.5
02/11/2025,Wheat,Jaipur APMC,2304.4
03/11/2025,Wheat,Jaipur APMC,2330.0
04/11/2025,Wheat,Jaipur APMC,2329.2
05/11/2025,Wheat,Jaipur APMC,2313.3
06/11/2025,Wheat,Jaipur APMC,2322.3
07/11/2025,Wheat,Jaipur APMC,2316.9
08/11/2025,Wheat,Jaipur APMC,2359.5
09/11/2025,Wheat,Jaipur APMC,2346.8
10/11/2025,Wheat,Jaipur APMC,2351.4
11/11/2025,Wheat,Jaipur APMC,2342.6
12/11/2025,Wheat,Jaipur APMC,2314.4
13/11/2025,Wheat,Jaipur APMC,2323.0
14/11/2025,Wheat,Jaipur APMC,2337.7
15/11/2025,Wheat,Jaipur APMC,2311.5
16/11/2025,Wheat,Jaipur APMC,2340.0
17/11/2025,Wheat,Jaipur APMC,2325.2
18/11/2025,Wheat,Jaipur APMC,2322.6
19/11/2025,Wheat,Jaipur APMC,2338.3
20/11/2025,Wheat,Jaipur APMC,2333.7
21/11/2025,Wheat,Jaipur APMC,2321.1
22/11/2025,Wheat,Jaipur APMC,2343.3
23/11/2025,Wheat,Jaipur APMC,2309.1
24/11/2025,Wheat,Jaipur APMC,2333.9
25/11/2025,Wheat,Jaipur APMC,2332.9
26/11/2025,Wheat,Jaipur APMC,2318.7
27/11/2025,Wheat,Jaipur APMC,2327.6
28/11/2025,Wheat,Jaipur APMC,2303.3
29/11/2025,Wheat,Jaipur APMC,2335.3
30/11/2025,Wheat,Jaipur APMC,2317.9
01/12/2025,Wheat,Jaipur APMC,2312.2
02/12/2025,Wheat,Jaipur APMC,2335.1
03/12/2025,Wheat,Jaipur APMC,2308.0
04/12/2025,Wheat,Jaipur APMC,2296.8
05/12/2025,Wheat,Jaipur APMC,2293.8
06/12/2025,Wheat,Jaipur APMC,2325.5
07/12/2025,Wheat,Jaipur APMC,2296.5
08/12/2025,Wheat,Jaipur APMC,2341.3
09/12/2025,Wheat,Jaipur APMC,2283.0
10/12/2025,Wheat,Jaipur APMC,2338.9
11/12/2025,Wheat,Jaipur APMC,2315.8
12/12/2025,Wheat,Jaipur APMC,2310.4
13/12/2025,Wheat,Jaipur APMC,2302.9
14/12/2025,Wheat,Jaipur APMC,2316.3
15/12/2025,Wheat,Jaipur APMC,2309.0
16/12/2025,Wheat,Jaipur APMC,2325.3
17/12/2025,Wheat,Jaipur APMC,2309.7
18/12/2025,Wheat,Jaipur APMC,2309.4
19/12/2025,Wheat,Jaipur APMC,2300.9
20/12/2025,Wheat,Jaipur APMC,2304.7
21/12/2025,Wheat,Jaipur APMC,2309.3
22/12/2025,Wheat,Jaipur APMC,2278.2
23/12/2025,Wheat,Jaipur APMC,2282.9
24/12/2025,Wheat,Jaipur APMC,2313.4
25/12/2025,Wheat,Jaipur APMC,2304.0
26/12/2025,Wheat,Jaipur APMC,2297.8
27/12/2025,Wheat,Jaipur APMC,2300.1
28/12/2025,Wheat,Jaipur APMC,2304.2
29/12/2025,Wheat,Jaipur APMC,2290.0
30/12/2025,Wheat,Jaipur APMC,2285.6
31/12/2025,Wheat,Jaipur APMC,2299.4
01/01/2026,Wheat,Jaipur APMC,2280.7
02/01/2026,Wheat,Jaipur APMC,2300.7
03/01/2026,Wheat,Jaipur APMC,2268.2
04/01/2026,Wheat,Jaipur APMC,2308.3
05/01/2026,Wheat,Jaipur APMC,2299.1
06/01/2026,Wheat,Jaipur APMC,2295.1
07/01/2026,Wheat,Jaipur APMC,2305.1
08/01/2026,Wheat,Jaipur APMC,2314.5
09/01/2026,Wheat,Jaipur APMC,2304.0
10/01/2026,Wheat,Jaipur APMC,2260.3
11/01/2026,Wheat,Jaipur APMC,2267.9
12/01/2026,Wheat,Jaipur APMC,2276.9
13/01/2026,Wheat,Jaipur APMC,2285.9
14/01/2026,Wheat,Jaipur APMC,2292.5
15/01/2026,Wheat,Jaipur APMC,2273.0
16/01/2026,Wheat,Jaipur APMC,2285.9
17/01/2026,Wheat,Jaipur APMC,2271.0
18/01/2026,Wheat,Jaipur APMC,2272.3
19/01/2026,Wheat,Jaipur APMC,2259.6
