State,District,Market,Commodity Group,Commodity,Variety,Grade,Min Price,Max Price,Modal Price,Price Unit,Price Date
Rajasthan,Jaipur,Bagru APMC,Cereals,Wheat,Other,Local,"2,300.00","2,400.00","2,350.00",Rs./Quintal,8/6/2026
Rajasthan,Jaipur,Bagru APMC,Cereals,Wheat,Other,Local,"2,300.00","2,400.00","2,350.00",Rs./Quintal,7/6/2026
Rajasthan,Jaipur,Bagru APMC,Cereals,Wheat,Other,Local,"2,300.00","2,400.00","2,350.00",Rs./Quintal,4/6/2026
Rajasthan,Jaipur,Bagru APMC,Cereals,Wheat,Other,Local,"2,300.00","2,500.00","2,400.00",Rs./Quintal,27-05-2026
Rajasthan,Jaipur,Bagru APMC,Cereals,Wheat,Other,Local,"2,300.00","2,400.00","2,350.00",Rs./Quintal,14-05-2026
Rajasthan,Jaipur,Bagru APMC,Cereals,Wheat,Other,Local,"2,300.00","2,400.00","2,350.00",Rs./Quintal,13-05-2026
Rajasthan,Jaipur,Bagru APMC,Cereals,Wheat,Other,Local,"2,300.00","2,500.00","2,400.00",Rs./Quintal,8/5/2026
Rajasthan,Jaipur,Bagru APMC,Cereals,Wheat,Other,Local,"2,300.00","2,500.00","2,400.00",Rs./Quintal,7/5/2026
Rajasthan,Jaipur,Bagru APMC,Cereals,Wheat,Other,Local,"2,300.00","2,500.00","2,400.00",Rs./Quintal,4/5/2026
Rajasthan,Jaipur,Bagru APMC,Cereals,Wheat,Other,Local,"2,300.00","2,400.00","2,350.00",Rs./Quintal,3/5/2026
Rajasthan,Jaipur,Bagru APMC,Cereals,Wheat,Other,Local,"2,300.00","2,400.00","2,350.00",Rs./Quintal,27-04-2026
Rajasthan,Jaipur,Bagru APMC,Cereals,Wheat,Other,Local,"2,200.00","2,400.00","2,300.00",Rs./Quintal,26-04-2026
Rajasthan,Jaipur,Bagru APMC,Cereals,Wheat,Other,Local,"2,200.00","2,400.00","2,300.00",Rs./Quintal,23-04-2026
Rajasthan,Jaipur,Bagru APMC,Cereals,Wheat,Other,Local,"2,200.00","2,400.00","2,300.00",Rs./Quintal,22-04-2026
Rajasthan,Jaipur,Bagru APMC,Cereals,Wheat,Other,Local,"2,200.00","2,400.00","2,300.00",Rs./Quintal,9/4/2026
Rajasthan,Jaipur,Bagru APMC,Cereals,Wheat,Other,Local,"2,200.00","2,400.00","2,300.00",Rs./Quintal,5/4/2026
Rajasthan,Jaipur,Bagru APMC,Cereals,Wheat,Other,Local,"2,200.00","2,400.00","2,300.00",Rs./Quintal,29-03-2026
Rajasthan,Jaipur,Bagru APMC,Cereals,Wheat,Other,Local,"2,300.00","2,500.00","2,400.00",Rs./Quintal,25-03-2026
Rajasthan,Jaipur,Bagru APMC,Cereals,Wheat,Other,Local,"2,340.00","2,400.00","2,370.00",Rs./Quintal,13-03-2026
Rajasthan,Jaipur,Bagru APMC,Cereals,Wheat,Other,Local,"2,340.00","2,400.00","2,370.00",Rs./Quintal,12/3/2026
Rajasthan,Jaipur,Bagru APMC,Cereals,Wheat,Other,Local,"2,200.00","2,400.00","2,300.00",Rs./Quintal,11/3/2026
Rajasthan,Jaipur,Bagru APMC,Cereals,Wheat,Other,Local,"2,300.00","2,500.00","2,400.00",Rs./Quintal,10/3/2026
Rajasthan,Jaipur,Bagru APMC,Cereals,Wheat,Other,Local,"2,300.00","2,500.00","2,400.00",Rs./Quintal,9/3/2026
Rajasthan,Jaipur,Bagru APMC,Cereals,Wheat,Other,Local,"2,500.00","2,700.00","2,600.00",Rs./Quintal,25-02-2026
Rajasthan,Jaipur,Bagru APMC,Cereals,Wheat,Other,Local,"2,500.00","2,700.00","2,600.00",Rs./Quintal,22-02-2026
Rajasthan,Jaipur,Bagru APMC,Cereals,Wheat,Other,Local,"2,500.00","2,500.00","2,500.00",Rs./Quintal,20-02-2026
Rajasthan,Jaipur,Bagru APMC,Cereals,Wheat,Other,Local,"2,500.00","2,500.00","2,500.00",Rs./Quintal,19-02-2026
Rajasthan,Jaipur,Bagru APMC,Cereals,Wheat,Other,FAQ,"2,500.00","2,600.00","2,550.00",Rs./Quintal,4/2/2026
Rajasthan,Jaipur,Bagru APMC,Cereals,Wheat,Other,FAQ,"2,500.00","2,700.00","2,600.00",Rs./Quintal,21-01-2026
Rajasthan,Jaipur,Bagru APMC,Cereals,Wheat,Other,FAQ,"2,400.00","2,500.00","2,450.00",Rs./Quintal,15-01-2026
Rajasthan,Jaipur,Bagru APMC,Cereals,Wheat,Other,Local,"2,500.00","2,600.00","2,550.00",Rs./Quintal,31-12-2025
Rajasthan,Jaipur,Bagru APMC,Cereals,Wheat,Other,Local,"2,400.00","2,600.00","2,500.00",Rs./Quintal,21-12-2025
Rajasthan,Jaipur,Bagru APMC,Cereals,Wheat,Other,Local,"2,400.00","2,600.00","2,500.00",Rs./Quintal,18-12-2025
Rajasthan,Jaipur,Bagru APMC,Cereals,Wheat,Other,Local,"2,400.00","2,600.00","2,500.00",Rs./Quintal,17-12-2025
Rajasthan,Jaipur,Bagru APMC,Cereals,Wheat,Other,FAQ,"2,400.00","2,600.00","2,500.00",Rs./Quintal,15-12-2025
Rajasthan,Jaipur,Bagru APMC,Cereals,Wheat,Other,FAQ,"2,400.00","2,600.00","2,500.00",Rs./Quintal,14-12-2025
Rajasthan,Jaipur,Bagru APMC,Cereals,Wheat,Other,Local,"2,400.00","2,500.00","2,450.00",Rs./Quintal,11/12/2025
Rajasthan,Jaipur,Bagru APMC,Cereals,Wheat,Other,FAQ,"2,400.00","2,600.00","2,500.00",Rs./Quintal,10/12/2025
Rajasthan,Jaipur,Bagru APMC,Cereals,Wheat,Other,FAQ,"2,400.00","2,500.00","2,450.00",Rs./Quintal,8/12/2025
Rajasthan,Jaipur,Bagru APMC,Cereals,Wheat,Other,Local,"2,500.00","2,500.00","2,500.00",Rs./Quintal,1/12/2025
Rajasthan,Jaipur,Bagru APMC,Cereals,Wheat,Other,FAQ,"2,500.00","2,600.00","2,550.00",Rs./Quintal,30-11-2025
Rajasthan,Jaipur,Bagru APMC,Cereals,Wheat,Other,Local,"2,400.00","2,550.00","2,475.00",Rs./Quintal,28-11-2025
Rajasthan,Jaipur,Bagru APMC,Cereals,Wheat,Other,FAQ,"2,400.00","2,600.00","2,500.00",Rs./Quintal,27-11-2025
Rajasthan,Jaipur,Bagru APMC,Cereals,Wheat,Other,FAQ,"2,400.00","2,600.00","2,500.00",Rs./Quintal,24-11-2025
Rajasthan,Jaipur,Bagru APMC,Cereals,Wheat,Other,FAQ,"2,400.00","2,600.00","2,500.00",Rs./Quintal,23-11-2025
Rajasthan,Jaipur,Bagru APMC,Cereals,Wheat,Other,FAQ,"2,500.00","2,600.00","2,550.00",Rs./Quintal,21-11-2025
Rajasthan,Jaipur,Bagru APMC,Cereals,Wheat,Other,Local,"2,400.00","2,500.00","2,450.00",Rs./Quintal,17-11-2025
Rajasthan,Jaipur,Bagru APMC,Cereals,Wheat,Other,FAQ,"2,400.00","2,500.00","2,450.00",Rs./Quintal,16-11-2025
Rajasthan,Jaipur,Bagru APMC,Cereals,Wheat,Other,FAQ,"2,400.00","2,500.00","2,450.00",Rs./Quintal,15-11-2025
Rajasthan,Jaipur,Bagru APMC,Cereals,Wheat,Other,Local,"2,400.00","2,500.00","2,450.00",Rs./Quintal,13-11-2025
Rajasthan,Jaipur,Bagru APMC,Cereals,Wheat,Other,Local,"2,400.00","2,500.00","2,450.00",Rs./Quintal,10/11/2025
Rajasthan,Jaipur,Bassi APMC,Cereals,Wheat,Other,Local,"2,275.00","2,500.00","2,387.00",Rs./Quintal,11/6/2026
Rajasthan,Jaipur,Bassi APMC,Cereals,Wheat,Other,Local,"2,250.00","2,506.00","2,378.00",Rs./Quintal,10/6/2026
Rajasthan,Jaipur,Bassi APMC,Cereals,Wheat,Other,Local,"2,245.00","2,490.00","2,367.00",Rs./Quintal,9/6/2026
Rajasthan,Jaipur,Bassi APMC,Cereals,Wheat,Other,Local,"2,250.00","2,456.00","2,353.00",Rs./Quintal,8/6/2026
Rajasthan,Jaipur,Bassi APMC,Cereals,Wheat,Other,Local,"2,036.00","2,475.00","2,255.00",Rs./Quintal,5/6/2026
Rajasthan,Jaipur,Bassi APMC,Cereals,Wheat,Other,Local,"2,321.00","2,500.00","2,410.00",Rs./Quintal,4/6/2026
Rajasthan,Jaipur,Bassi APMC,Cereals,Wheat,Other,Local,"2,273.00","2,450.00","2,361.00",Rs./Quintal,3/6/2026
Rajasthan,Jaipur,Bassi APMC,Cereals,Wheat,Other,Local,"2,200.00","2,402.00","2,301.00",Rs./Quintal,2/6/2026
Rajasthan,Jaipur,Bassi APMC,Cereals,Wheat,Other,Local,"2,300.00","2,456.00","2,378.00",Rs./Quintal,1/6/2026
Rajasthan,Jaipur,Bassi APMC,Cereals,Wheat,Other,Local,"2,258.00","2,450.00","2,354.00",Rs./Quintal,30-05-2026
Rajasthan,Jaipur,Bassi APMC,Cereals,Wheat,Other,Local,"2,318.00","2,475.00","2,396.00",Rs./Quintal,29-05-2026
Rajasthan,Jaipur,Bassi APMC,Cereals,Wheat,Other,Local,"2,230.00","2,504.00","2,367.00",Rs./Quintal,28-05-2026
Rajasthan,Jaipur,Bassi APMC,Cereals,Wheat,Other,Local,"2,176.00","2,600.00","2,388.00",Rs./Quintal,27-05-2026
Rajasthan,Jaipur,Bassi APMC,Cereals,Wheat,Other,Local,"2,250.00","2,391.00","2,320.00",Rs./Quintal,26-05-2026
Rajasthan,Jaipur,Bassi APMC,Cereals,Wheat,Other,Local,"2,295.00","2,530.00","2,412.00",Rs./Quintal,25-05-2026
Rajasthan,Jaipur,Bassi APMC,Cereals,Wheat,Other,Local,"2,251.00","2,435.00","2,343.00",Rs./Quintal,22-05-2026
Rajasthan,Jaipur,Bassi APMC,Cereals,Wheat,Other,Local,"2,237.00","2,650.00","2,443.00",Rs./Quintal,21-05-2026
Rajasthan,Jaipur,Bassi APMC,Cereals,Wheat,Other,Local,"2,176.00","2,625.00","2,400.00",Rs./Quintal,20-05-2026
Rajasthan,Jaipur,Bassi APMC,Cereals,Wheat,Other,Local,"2,296.00","2,566.00","2,431.00",Rs./Quintal,19-05-2026
Rajasthan,Jaipur,Bassi APMC,Cereals,Wheat,Other,Local,"2,300.00","2,500.00","2,400.00",Rs./Quintal,18-05-2026
Rajasthan,Jaipur,Bassi APMC,Cereals,Wheat,Other,Local,"2,250.00","2,650.00","2,450.00",Rs./Quintal,16-05-2026
Rajasthan,Jaipur,Bassi APMC,Cereals,Wheat,Other,Local,"2,251.00","2,521.00","2,386.00",Rs./Quintal,15-05-2026
Rajasthan,Jaipur,Bassi APMC,Cereals,Wheat,Other,Local,"2,170.00","2,603.00","2,386.00",Rs./Quintal,14-05-2026
Rajasthan,Jaipur,Bassi APMC,Cereals,Wheat,Other,Local,"2,200.00","2,423.00","2,311.00",Rs./Quintal,13-05-2026
Rajasthan,Jaipur,Bassi APMC,Cereals,Wheat,Other,Local,"2,167.00","2,550.00","2,358.00",Rs./Quintal,12/5/2026
Rajasthan,Jaipur,Bassi APMC,Cereals,Wheat,Other,Local,"2,250.00","2,565.00","2,407.00",Rs./Quintal,11/5/2026
Rajasthan,Jaipur,Bassi APMC,Cereals,Wheat,Other,Local,"2,321.00","2,640.00","2,480.00",Rs./Quintal,9/5/2026
Rajasthan,Jaipur,Bassi APMC,Cereals,Wheat,Other,Local,"2,350.00","2,690.00","2,520.00",Rs./Quintal,8/5/2026
Rajasthan,Jaipur,Bassi APMC,Cereals,Wheat,Other,Local,"2,300.00","2,565.00","2,432.00",Rs./Quintal,7/5/2026
Rajasthan,Jaipur,Bassi APMC,Cereals,Wheat,Other,Local,"2,307.00","2,550.00","2,428.00",Rs./Quintal,6/5/2026
Rajasthan,Jaipur,Bassi APMC,Cereals,Wheat,Other,Local,"2,050.00","2,640.00","2,345.00",Rs./Quintal,5/5/2026
Rajasthan,Jaipur,Bassi APMC,Cereals,Wheat,Other,Local,"2,320.00","2,600.00","2,460.00",Rs./Quintal,4/5/2026
Rajasthan,Jaipur,Bassi APMC,Cereals,Wheat,Other,Local,"2,296.00","2,410.00","2,353.00",Rs./Quintal,2/5/2026
Rajasthan,Jaipur,Bassi APMC,Cereals,Wheat,Other,Local,"2,240.00","2,373.00","2,306.00",Rs./Quintal,1/5/2026
Rajasthan,Jaipur,Bassi APMC,Cereals,Wheat,Other,Local,"2,305.00","2,515.00","2,410.00",Rs./Quintal,30-04-2026
Rajasthan,Jaipur,Bassi APMC,Cereals,Wheat,Other,Local,"2,245.00","2,476.00","2,360.00",Rs./Quintal,29-04-2026
Rajasthan,Jaipur,Bassi APMC,Cereals,Wheat,Other,Local,"2,200.00","2,495.00","2,347.00",Rs./Quintal,28-04-2026
Rajasthan,Jaipur,Bassi APMC,Cereals,Wheat,Other,Local,"2,000.00","2,481.00","2,240.00",Rs./Quintal,27-04-2026
Rajasthan,Jaipur,Bassi APMC,Cereals,Wheat,Other,Local,"2,216.00","2,450.00","2,333.00",Rs./Quintal,25-04-2026
Rajasthan,Jaipur,Bassi APMC,Cereals,Wheat,Other,Local,"2,304.00","2,610.00","2,457.00",Rs./Quintal,24-04-2026
Rajasthan,Jaipur,Bassi APMC,Cereals,Wheat,Other,Local,"2,170.00","2,500.00","2,335.00",Rs./Quintal,23-04-2026
Rajasthan,Jaipur,Bassi APMC,Cereals,Wheat,Other,Local,"2,240.00","2,402.00","2,321.00",Rs./Quintal,21-04-2026
Rajasthan,Jaipur,Bassi APMC,Cereals,Wheat,Other,Local,"2,160.00","2,400.00","2,280.00",Rs./Quintal,20-04-2026
Rajasthan,Jaipur,Bassi APMC,Cereals,Wheat,Other,Local,"2,080.00","2,560.00","2,320.00",Rs./Quintal,18-04-2026
Rajasthan,Jaipur,Bassi APMC,Cereals,Wheat,Other,Local,"2,100.00","2,620.00","2,360.00",Rs./Quintal,17-04-2026
Rajasthan,Jaipur,Bassi APMC,Cereals,Wheat,Other,Local,"2,159.00","2,620.00","2,389.00",Rs./Quintal,15-04-2026
Rajasthan,Jaipur,Bassi APMC,Cereals,Wheat,Other,Local,"2,170.00","2,800.00","2,485.00",Rs./Quintal,13-04-2026
Rajasthan,Jaipur,Bassi APMC,Cereals,Wheat,Other,Local,"2,135.00","2,500.00","2,317.00",Rs./Quintal,11/4/2026
Rajasthan,Jaipur,Bassi APMC,Cereals,Wheat,Other,Local,"2,141.00","5,211.00","2,326.00",Rs./Quintal,10/4/2026
Rajasthan,Jaipur,Bassi APMC,Cereals,Wheat,Other,Local,"2,090.00","2,400.00","2,245.00",Rs./Quintal,9/4/2026
Rajasthan,Jaipur,Bassi APMC,Cereals,Wheat,Other,Local,"1,990.00","2,405.00","2,197.00",Rs./Quintal,7/4/2026
Rajasthan,Jaipur,Bassi APMC,Cereals,Wheat,Other,Local,"2,150.00","2,525.00","2,337.00",Rs./Quintal,4/4/2026
Rajasthan,Jaipur,Bassi APMC,Cereals,Wheat,Other,Local,"2,168.00","2,475.00","2,321.00",Rs./Quintal,3/4/2026
Rajasthan,Jaipur,Bassi APMC,Cereals,Wheat,Other,Local,"2,000.00","2,500.00","2,250.00",Rs./Quintal,2/4/2026
Rajasthan,Jaipur,Bassi APMC,Cereals,Wheat,Other,Local,"2,100.00","2,432.00","2,266.00",Rs./Quintal,30-03-2026
Rajasthan,Jaipur,Bassi APMC,Cereals,Wheat,Other,Local,"2,000.00","2,403.00","2,201.00",Rs./Quintal,27-03-2026
Rajasthan,Jaipur,Bassi APMC,Cereals,Wheat,Other,Local,"2,000.00","2,276.00","2,138.00",Rs./Quintal,26-03-2026
Rajasthan,Jaipur,Bassi APMC,Cereals,Wheat,Other,Local,"2,200.00","2,374.00","2,287.00",Rs./Quintal,25-03-2026
Rajasthan,Jaipur,Bassi APMC,Cereals,Wheat,Other,Local,"2,234.00","2,371.00","2,302.00",Rs./Quintal,24-03-2026
Rajasthan,Jaipur,Bassi APMC,Cereals,Wheat,Other,Local,"2,100.00","2,300.00","2,200.00",Rs./Quintal,19-03-2026
Rajasthan,Jaipur,Bassi APMC,Cereals,Wheat,Other,Local,"1,971.00","2,258.00","2,114.00",Rs./Quintal,18-03-2026
Rajasthan,Jaipur,Bassi APMC,Cereals,Wheat,Other,Local,"2,260.00","2,300.00","2,280.00",Rs./Quintal,17-03-2026
Rajasthan,Jaipur,Bassi APMC,Cereals,Wheat,Other,Local,"2,100.00","2,273.00","2,186.00",Rs./Quintal,16-03-2026
Rajasthan,Jaipur,Bassi APMC,Cereals,Wheat,Other,Local,"2,241.00","2,286.00","2,263.00",Rs./Quintal,14-03-2026
Rajasthan,Jaipur,Bassi APMC,Cereals,Wheat,Other,Local,"2,241.00","2,340.00","2,290.00",Rs./Quintal,12/3/2026
Rajasthan,Jaipur,Bassi APMC,Cereals,Wheat,Other,Local,"2,220.00","2,360.00","2,290.00",Rs./Quintal,11/3/2026
Rajasthan,Jaipur,Bassi APMC,Cereals,Wheat,Other,Local,"2,151.00","2,317.00","2,234.00",Rs./Quintal,10/3/2026
Rajasthan,Jaipur,Bassi APMC,Cereals,Wheat,Other,Local,"2,207.00","2,300.00","2,253.00",Rs./Quintal,9/3/2026
Rajasthan,Jaipur,Bassi APMC,Cereals,Wheat,Other,Local,"2,220.00","2,301.00","2,260.00",Rs./Quintal,7/3/2026
Rajasthan,Jaipur,Bassi APMC,Cereals,Wheat,Other,Local,"2,250.00","2,325.00","2,287.00",Rs./Quintal,4/3/2026
Rajasthan,Jaipur,Bassi APMC,Cereals,Wheat,Other,Local,"1,811.00","2,460.00","2,135.00",Rs./Quintal,28-02-2026
Rajasthan,Jaipur,Bassi APMC,Cereals,Wheat,Other,Local,"2,000.00","2,404.00","2,202.00",Rs./Quintal,27-02-2026
Rajasthan,Jaipur,Bassi APMC,Cereals,Wheat,Other,Local,"2,151.00","2,433.00","2,292.00",Rs./Quintal,26-02-2026
Rajasthan,Jaipur,Bassi APMC,Cereals,Wheat,Other,Local,"2,310.00","2,433.00","2,371.00",Rs./Quintal,25-02-2026
Rajasthan,Jaipur,Bassi APMC,Cereals,Wheat,Other,Local,"2,340.00","2,440.00","2,395.00",Rs./Quintal,24-02-2026
Rajasthan,Jaipur,Bassi APMC,Cereals,Wheat,Other,Local,"2,410.00","2,450.00","2,430.00",Rs./Quintal,23-02-2026
Rajasthan,Jaipur,Bassi APMC,Cereals,Wheat,Other,Local,"2,420.00","2,450.00","2,435.00",Rs./Quintal,21-02-2026
Rajasthan,Jaipur,Bassi APMC,Cereals,Wheat,Other,Local,"2,364.00","2,376.00","2,370.00",Rs./Quintal,20-02-2026
Rajasthan,Jaipur,Bassi APMC,Cereals,Wheat,Other,Local,"2,411.00","2,418.00","2,414.00",Rs./Quintal,19-02-2026
Rajasthan,Jaipur,Bassi APMC,Cereals,Wheat,Other,Local,"2,250.00","2,481.00","2,365.00",Rs./Quintal,18-02-2026
Rajasthan,Jaipur,Bassi APMC,Cereals,Wheat,Other,Local,"2,400.00","2,491.00","2,455.00",Rs./Quintal,17-02-2026
Rajasthan,Jaipur,Bassi APMC,Cereals,Wheat,Other,Local,"2,391.00","2,436.00","2,416.00",Rs./Quintal,16-02-2026
Rajasthan,Jaipur,Bassi APMC,Cereals,Wheat,Other,Local,"2,350.00","2,479.00","2,414.00",Rs./Quintal,14-02-2026
Rajasthan,Jaipur,Bassi APMC,Cereals,Wheat,Other,Local,"2,436.00","2,485.00","2,460.00",Rs./Quintal,13-02-2026
Rajasthan,Jaipur,Bassi APMC,Cereals,Wheat,Other,Local,"2,390.00","2,500.00","2,445.00",Rs./Quintal,12/2/2026
Rajasthan,Jaipur,Bassi APMC,Cereals,Wheat,Other,Local,"2,285.00","2,510.00","2,397.00",Rs./Quintal,11/2/2026
Rajasthan,Jaipur,Bassi APMC,Cereals,Wheat,Other,Local,"2,350.00","2,515.00","2,432.00",Rs./Quintal,10/2/2026
Rajasthan,Jaipur,Bassi APMC,Cereals,Wheat,Other,Local,"2,480.00","2,525.00","2,502.00",Rs./Quintal,9/2/2026
Rajasthan,Jaipur,Bassi APMC,Cereals,Wheat,Other,Local,"2,474.00","2,536.00","2,505.00",Rs./Quintal,7/2/2026
Rajasthan,Jaipur,Bassi APMC,Cereals,Wheat,Other,Local,"2,463.00","2,537.00","2,500.00",Rs./Quintal,6/2/2026
Rajasthan,Jaipur,Bassi APMC,Cereals,Wheat,Other,Local,"2,520.00","2,546.00","2,533.00",Rs./Quintal,5/2/2026
Rajasthan,Jaipur,Bassi APMC,Cereals,Wheat,Other,Local,"2,531.00","2,588.00","2,559.00",Rs./Quintal,4/2/2026
Rajasthan,Jaipur,Bassi APMC,Cereals,Wheat,Other,Local,"2,520.00","2,582.00","2,551.00",Rs./Quintal,3/2/2026
Rajasthan,Jaipur,Bassi APMC,Cereals,Wheat,Other,Local,"2,466.00","2,560.00","2,513.00",Rs./Quintal,2/2/2026
Rajasthan,Jaipur,Bassi APMC,Cereals,Wheat,Other,Local,"2,470.00","2,555.00","2,512.00",Rs./Quintal,31-01-2026
Rajasthan,Jaipur,Bassi APMC,Cereals,Wheat,Other,Local,"2,493.00","2,610.00","2,551.00",Rs./Quintal,30-01-2026
Rajasthan,Jaipur,Bassi APMC,Cereals,Wheat,Other,Local,"2,535.00","2,580.00","2,557.00",Rs./Quintal,29-01-2026
Rajasthan,Jaipur,Bassi APMC,Cereals,Wheat,Other,Local,"2,450.00","2,575.00","2,512.00",Rs./Quintal,28-01-2026
Rajasthan,Jaipur,Bassi APMC,Cereals,Wheat,Other,Local,"2,464.00","2,464.00","2,464.00",Rs./Quintal,27-01-2026
Rajasthan,Jaipur,Bassi APMC,Cereals,Wheat,Other,Local,"2,568.00","2,570.00","2,569.00",Rs./Quintal,23-01-2026
Rajasthan,Jaipur,Bassi APMC,Cereals,Wheat,Other,Local,"2,415.00","2,602.00","2,508.00",Rs./Quintal,22-01-2026
Rajasthan,Jaipur,Bassi APMC,Cereals,Wheat,Other,Local,"2,271.00","2,630.00","2,450.00",Rs./Quintal,21-01-2026
Rajasthan,Jaipur,Bassi APMC,Cereals,Wheat,Other,Local,"2,400.00","2,615.00","2,507.00",Rs./Quintal,20-01-2026
Rajasthan,Jaipur,Bassi APMC,Cereals,Wheat,Other,Local,"2,590.00","2,609.00","2,599.00",Rs./Quintal,19-01-2026
Rajasthan,Jaipur,Bassi APMC,Cereals,Wheat,Other,Local,"2,400.00","2,642.00","2,521.00",Rs./Quintal,17-01-2026
Rajasthan,Jaipur,Bassi APMC,Cereals,Wheat,Other,Local,"2,610.00","2,650.00","2,630.00",Rs./Quintal,16-01-2026
Rajasthan,Jaipur,Bassi APMC,Cereals,Wheat,Other,Local,"2,534.00","2,615.00","2,574.00",Rs./Quintal,15-01-2026
Rajasthan,Jaipur,Bassi APMC,Cereals,Wheat,Other,Local,"2,475.00","2,620.00","2,620.00",Rs./Quintal,13-01-2026
Rajasthan,Jaipur,Bassi APMC,Cereals,Wheat,Other,Local,"2,500.00","2,500.00","2,500.00",Rs./Quintal,12/1/2026
Rajasthan,Jaipur,Bassi APMC,Cereals,Wheat,Other,Local,"2,511.00","2,516.00","2,513.00",Rs./Quintal,10/1/2026
Rajasthan,Jaipur,Bassi APMC,Cereals,Wheat,Other,Local,"2,516.00","2,555.00","2,535.00",Rs./Quintal,9/1/2026
Rajasthan,Jaipur,Bassi APMC,Cereals,Wheat,Other,Local,"2,280.00","2,580.00","2,430.00",Rs./Quintal,7/1/2026
Rajasthan,Jaipur,Bassi APMC,Cereals,Wheat,Other,Local,"2,262.00","2,642.00","2,453.00",Rs./Quintal,6/1/2026
Rajasthan,Jaipur,Bassi APMC,Cereals,Wheat,Other,Local,"2,044.00","2,635.00","2,339.00",Rs./Quintal,5/1/2026
Rajasthan,Jaipur,Bassi APMC,Cereals,Wheat,Other,Local,"2,571.00","2,603.00","2,587.00",Rs./Quintal,3/1/2026
Rajasthan,Jaipur,Bassi APMC,Cereals,Wheat,Other,Local,"2,483.00","2,483.00","2,483.00",Rs./Quintal,2/1/2026
Rajasthan,Jaipur,Bassi APMC,Cereals,Wheat,Other,Local,"2,449.00","2,550.00","2,499.00",Rs./Quintal,1/1/2026
Rajasthan,Jaipur,Bassi APMC,Cereals,Wheat,Other,Local,"2,376.00","2,525.00","2,450.00",Rs./Quintal,31-12-2025
Rajasthan,Jaipur,Bassi APMC,Cereals,Wheat,Other,Local,"2,455.00","2,556.00","2,505.00",Rs./Quintal,30-12-2025
Rajasthan,Jaipur,Bassi APMC,Cereals,Wheat,Other,Local,"2,479.00","2,518.00","2,498.00",Rs./Quintal,29-12-2025
Rajasthan,Jaipur,Bassi APMC,Cereals,Wheat,Other,Local,"2,451.00","2,500.00","2,475.00",Rs./Quintal,27-12-2025
Rajasthan,Jaipur,Bassi APMC,Cereals,Wheat,Other,Local,"2,500.00","2,600.00","2,550.00",Rs./Quintal,26-12-2025
Rajasthan,Jaipur,Bassi APMC,Cereals,Wheat,Other,Local,"2,425.00","2,495.00","2,460.00",Rs./Quintal,24-12-2025
Rajasthan,Jaipur,Bassi APMC,Cereals,Wheat,Other,Local,"2,398.00","2,546.00","2,472.00",Rs./Quintal,23-12-2025
Rajasthan,Jaipur,Bassi APMC,Cereals,Wheat,Other,Local,"2,441.00","2,484.00","2,462.00",Rs./Quintal,22-12-2025
Rajasthan,Jaipur,Bassi APMC,Cereals,Wheat,Other,Local,"2,410.00","2,534.00","2,472.00",Rs./Quintal,20-12-2025
Rajasthan,Jaipur,Bassi APMC,Cereals,Wheat,Other,Local,"2,300.00","2,521.00","2,410.00",Rs./Quintal,19-12-2025
Rajasthan,Jaipur,Bassi APMC,Cereals,Wheat,Other,Local,"2,410.00","2,480.00","2,445.00",Rs./Quintal,17-12-2025
Rajasthan,Jaipur,Bassi APMC,Cereals,Wheat,Other,Local,"2,426.00","2,525.00","2,475.00",Rs./Quintal,16-12-2025
Rajasthan,Jaipur,Bassi APMC,Cereals,Wheat,Other,Local,"2,331.00","2,484.00","2,407.00",Rs./Quintal,15-12-2025
Rajasthan,Jaipur,Bassi APMC,Cereals,Wheat,Other,Local,"2,420.00","2,490.00","2,455.00",Rs./Quintal,13-12-2025
Rajasthan,Jaipur,Bassi APMC,Cereals,Wheat,Other,Local,"2,377.00","2,564.00","2,470.00",Rs./Quintal,12/12/2025
Rajasthan,Jaipur,Bassi APMC,Cereals,Wheat,Other,Local,"2,231.00","2,541.00","2,386.00",Rs./Quintal,11/12/2025
Rajasthan,Jaipur,Bassi APMC,Cereals,Wheat,Other,Local,"2,401.00","2,530.00","2,465.00",Rs./Quintal,10/12/2025
Rajasthan,Jaipur,Bassi APMC,Cereals,Wheat,Other,Local,"2,408.00","2,574.00","2,491.00",Rs./Quintal,9/12/2025
Rajasthan,Jaipur,Bassi APMC,Cereals,Wheat,Other,Local,"2,449.00","2,492.00","2,470.00",Rs./Quintal,8/12/2025
Rajasthan,Jaipur,Bassi APMC,Cereals,Wheat,Other,Local,"2,466.00","2,466.00","2,466.00",Rs./Quintal,6/12/2025
Rajasthan,Jaipur,Bassi APMC,Cereals,Wheat,Other,Local,"2,300.00","2,481.00","2,390.00",Rs./Quintal,5/12/2025
Rajasthan,Jaipur,Bassi APMC,Cereals,Wheat,Other,Local,"2,450.00","2,590.00","2,520.00",Rs./Quintal,4/12/2025
Rajasthan,Jaipur,Bassi APMC,Cereals,Wheat,Other,Local,"2,406.00","2,573.00","2,489.00",Rs./Quintal,3/12/2025
Rajasthan,Jaipur,Bassi APMC,Cereals,Wheat,Other,Local,"2,351.00","2,540.00","2,445.00",Rs./Quintal,2/12/2025
Rajasthan,Jaipur,Bassi APMC,Cereals,Wheat,Other,Local,"2,451.00","2,521.00","2,486.00",Rs./Quintal,1/12/2025
Rajasthan,Jaipur,Bassi APMC,Cereals,Wheat,Other,Local,"2,431.00","2,526.00","2,478.00",Rs./Quintal,29-11-2025
Rajasthan,Jaipur,Bassi APMC,Cereals,Wheat,Other,Local,"2,430.00","2,511.00","2,470.00",Rs./Quintal,28-11-2025
Rajasthan,Jaipur,Bassi APMC,Cereals,Wheat,Other,Local,"2,465.00","2,480.00","2,472.00",Rs./Quintal,27-11-2025
Rajasthan,Jaipur,Bassi APMC,Cereals,Wheat,Other,Local,"2,435.00","2,544.00","2,489.00",Rs./Quintal,26-11-2025
Rajasthan,Jaipur,Bassi APMC,Cereals,Wheat,Other,Local,"2,435.00","2,610.00","2,522.00",Rs./Quintal,25-11-2025
Rajasthan,Jaipur,Bassi APMC,Cereals,Wheat,Other,Local,"2,451.00","2,500.00","2,475.00",Rs./Quintal,24-11-2025
Rajasthan,Jaipur,Bassi APMC,Cereals,Wheat,Other,Local,"2,400.00","2,509.00","2,454.00",Rs./Quintal,22-11-2025
Rajasthan,Jaipur,Bassi APMC,Cereals,Wheat,Other,Local,"2,200.00","2,503.00","2,351.00",Rs./Quintal,21-11-2025
Rajasthan,Jaipur,Bassi APMC,Cereals,Wheat,Other,Local,"2,450.00","2,510.00","2,480.00",Rs./Quintal,20-11-2025
Rajasthan,Jaipur,Bassi APMC,Cereals,Wheat,Other,Local,"2,414.00","2,615.00","2,514.00",Rs./Quintal,19-11-2025
Rajasthan,Jaipur,Bassi APMC,Cereals,Wheat,Other,Local,"2,281.00","2,508.00","2,394.00",Rs./Quintal,18-11-2025
Rajasthan,Jaipur,Bassi APMC,Cereals,Wheat,Other,Local,"2,430.00","2,535.00","2,489.00",Rs./Quintal,17-11-2025
Rajasthan,Jaipur,Bassi APMC,Cereals,Wheat,Other,Local,"2,439.00","2,484.00","2,461.00",Rs./Quintal,15-11-2025
Rajasthan,Jaipur,Bassi APMC,Cereals,Wheat,Other,Local,"2,440.00","2,480.00","2,460.00",Rs./Quintal,14-11-2025
Rajasthan,Jaipur,Bassi APMC,Cereals,Wheat,Other,Local,"2,437.00","2,475.00","2,456.00",Rs./Quintal,13-11-2025
Rajasthan,Jaipur,Bassi APMC,Cereals,Wheat,Other,Local,"2,443.00","2,549.00","2,496.00",Rs./Quintal,12/11/2025
Rajasthan,Jaipur,Bassi APMC,Cereals,Wheat,Other,Local,"2,366.00","2,547.00","2,456.00",Rs./Quintal,11/11/2025
Rajasthan,Jaipur,Bassi APMC,Cereals,Wheat,Other,Local,"2,440.00","2,496.00","2,468.00",Rs./Quintal,10/11/2025
Rajasthan,Jaipur,Chaksu APMC,Cereals,Wheat,Other,Local,"2,325.00","2,476.00","2,400.00",Rs./Quintal,10/6/2026
Rajasthan,Jaipur,Chaksu APMC,Cereals,Wheat,Other,Local,"2,300.00","2,470.00","2,440.00",Rs./Quintal,5/6/2026
Rajasthan,Jaipur,Chaksu APMC,Cereals,Wheat,Other,Local,"2,300.00","2,480.00","2,400.00",Rs./Quintal,4/6/2026
Rajasthan,Jaipur,Chaksu APMC,Cereals,Wheat,Other,Local,"2,300.00","2,480.00","2,400.00",Rs./Quintal,3/6/2026
Rajasthan,Jaipur,Chaksu APMC,Cereals,Wheat,Other,Local,"2,300.00","2,510.00","2,420.00",Rs./Quintal,2/6/2026
Rajasthan,Jaipur,Chaksu APMC,Cereals,Wheat,Other,Local,"2,280.00","2,500.00","2,440.00",Rs./Quintal,1/6/2026
Rajasthan,Jaipur,Chaksu APMC,Cereals,Wheat,Other,Local,"2,380.00","2,496.00","2,450.00",Rs./Quintal,25-05-2026
Rajasthan,Jaipur,Chaksu APMC,Cereals,Wheat,Other,Local,"2,300.00","2,480.00","2,380.00",Rs./Quintal,20-05-2026
Rajasthan,Jaipur,Chaksu APMC,Cereals,Wheat,Other,Local,"2,280.00","2,440.00","2,380.00",Rs./Quintal,18-05-2026
Rajasthan,Jaipur,Chaksu APMC,Cereals,Wheat,Other,Local,"2,290.00","2,410.00","2,380.00",Rs./Quintal,15-05-2026
Rajasthan,Jaipur,Chaksu APMC,Cereals,Wheat,Other,Local,"2,300.00","2,400.00","2,350.00",Rs./Quintal,14-05-2026
Rajasthan,Jaipur,Chaksu APMC,Cereals,Wheat,Other,Local,"2,280.00","2,415.00","2,380.00",Rs./Quintal,13-05-2026
Rajasthan,Jaipur,Chaksu APMC,Cereals,Wheat,Other,Local,"2,280.00","2,410.00","2,380.00",Rs./Quintal,12/5/2026
Rajasthan,Jaipur,Chaksu APMC,Cereals,Wheat,Other,Local,"2,340.00","2,441.00","2,380.00",Rs./Quintal,11/5/2026
Rajasthan,Jaipur,Chaksu APMC,Cereals,Wheat,Other,Local,"2,350.00","2,500.00","2,480.00",Rs./Quintal,8/5/2026
Rajasthan,Jaipur,Chaksu APMC,Cereals,Wheat,Other,Local,"2,320.00","2,591.00","2,480.00",Rs./Quintal,6/5/2026
Rajasthan,Jaipur,Chaksu APMC,Cereals,Wheat,Other,Local,"2,280.00","2,579.00","2,480.00",Rs./Quintal,5/5/2026
Rajasthan,Jaipur,Chaksu APMC,Cereals,Wheat,Other,Local,"2,340.00","2,590.00","2,480.00",Rs./Quintal,4/5/2026
Rajasthan,Jaipur,Chaksu APMC,Cereals,Wheat,Other,Local,"2,350.00","2,610.00","2,430.00",Rs./Quintal,30-04-2026
Rajasthan,Jaipur,Chaksu APMC,Cereals,Wheat,Other,Local,"2,380.00","2,598.00","2,430.00",Rs./Quintal,29-04-2026
Rajasthan,Jaipur,Chaksu APMC,Cereals,Wheat,Other,Local,"2,300.00","2,595.00","2,450.00",Rs./Quintal,28-04-2026
Rajasthan,Jaipur,Chaksu APMC,Cereals,Wheat,Other,Local,"2,220.00","2,415.00","2,380.00",Rs./Quintal,24-04-2026
Rajasthan,Jaipur,Chaksu APMC,Cereals,Wheat,Other,Local,"2,300.00","2,476.00","2,400.00",Rs./Quintal,23-04-2026
Rajasthan,Jaipur,Chaksu APMC,Cereals,Wheat,Other,Local,"2,280.00","2,425.00","2,350.00",Rs./Quintal,22-04-2026
Rajasthan,Jaipur,Chaksu APMC,Cereals,Wheat,Other,Local,"2,200.00","2,405.00","2,350.00",Rs./Quintal,21-04-2026
Rajasthan,Jaipur,Chaksu APMC,Cereals,Wheat,Other,Local,"2,200.00","2,495.00","2,350.00",Rs./Quintal,20-04-2026
Rajasthan,Jaipur,Chaksu APMC,Cereals,Wheat,Other,Local,"2,051.00","2,400.00","2,300.00",Rs./Quintal,17-04-2026
Rajasthan,Jaipur,Chaksu APMC,Cereals,Wheat,Other,Local,"2,280.00","2,395.00","2,350.00",Rs./Quintal,16-04-2026
Rajasthan,Jaipur,Chaksu APMC,Cereals,Wheat,Other,Local,"2,180.00","2,405.00","2,340.00",Rs./Quintal,15-04-2026
Rajasthan,Jaipur,Chaksu APMC,Cereals,Wheat,Other,Local,"2,240.00","2,400.00","2,350.00",Rs./Quintal,14-04-2026
Rajasthan,Jaipur,Chaksu APMC,Cereals,Wheat,Other,Local,"2,180.00","2,401.00","2,280.00",Rs./Quintal,10/4/2026
Rajasthan,Jaipur,Chaksu APMC,Cereals,Wheat,Other,Local,"2,180.00","2,401.00","2,280.00",Rs./Quintal,9/4/2026
Rajasthan,Jaipur,Chaksu APMC,Cereals,Wheat,Other,Local,"2,071.00","2,276.00","2,220.00",Rs./Quintal,8/4/2026
Rajasthan,Jaipur,Chaksu APMC,Cereals,Wheat,Other,Local,"2,000.00","2,260.00","2,230.00",Rs./Quintal,6/4/2026
Rajasthan,Jaipur,Chaksu APMC,Cereals,Wheat,Other,Local,"2,200.00","2,280.00","2,250.00",Rs./Quintal,3/4/2026
Rajasthan,Jaipur,Chaksu APMC,Cereals,Wheat,Other,Local,"2,000.00","2,276.00","2,220.00",Rs./Quintal,2/4/2026
Rajasthan,Jaipur,Chaksu APMC,Cereals,Wheat,Other,Local,"2,100.00","2,293.00","2,225.00",Rs./Quintal,1/4/2026
Rajasthan,Jaipur,Chaksu APMC,Cereals,Wheat,Other,Local,"2,080.00","2,350.00","2,250.00",Rs./Quintal,17-03-2026
Rajasthan,Jaipur,Chaksu APMC,Cereals,Wheat,Other,Local,"2,090.00","2,280.00","2,200.00",Rs./Quintal,16-03-2026
Rajasthan,Jaipur,Chaksu APMC,Cereals,Wheat,Other,Local,"2,200.00","2,350.00","2,200.00",Rs./Quintal,13-03-2026
Rajasthan,Jaipur,Chaksu APMC,Cereals,Wheat,Other,Local,"2,000.00","2,250.00","2,145.00",Rs./Quintal,10/3/2026
Rajasthan,Jaipur,Chaksu APMC,Cereals,Wheat,Other,Local,"2,000.00","2,250.00","2,145.00",Rs./Quintal,9/3/2026
Rajasthan,Jaipur,Chaksu APMC,Cereals,Wheat,Other,Grade Range-3,"2,230.00","2,400.00","2,350.00",Rs./Quintal,7/3/2026
Rajasthan,Jaipur,Chaksu APMC,Cereals,Wheat,Other,Local,"2,350.00","2,400.00","2,380.00",Rs./Quintal,5/3/2026
Rajasthan,Jaipur,Chaksu APMC,Cereals,Wheat,Other,Local,"2,300.00","2,470.00","2,350.00",Rs./Quintal,27-02-2026
Rajasthan,Jaipur,Chaksu APMC,Cereals,Wheat,Other,Local,"2,350.00","2,410.00","2,400.00",Rs./Quintal,26-02-2026
Rajasthan,Jaipur,Chaksu APMC,Cereals,Wheat,Other,Local,"2,250.00","2,411.00","2,400.00",Rs./Quintal,25-02-2026
Rajasthan,Jaipur,Chaksu APMC,Cereals,Wheat,Other,Local,"2,375.00","2,460.00","2,416.00",Rs./Quintal,24-02-2026
Rajasthan,Jaipur,Chaksu APMC,Cereals,Wheat,Other,Local,"2,400.00","2,494.00","2,460.00",Rs./Quintal,23-02-2026
Rajasthan,Jaipur,Chaksu APMC,Cereals,Wheat,Other,Local,"2,351.00","2,490.00","2,444.00",Rs./Quintal,16-02-2026
Rajasthan,Jaipur,Chaksu APMC,Cereals,Wheat,Other,Local,"2,411.00","2,480.00","2,440.00",Rs./Quintal,14-02-2026
Rajasthan,Jaipur,Chaksu APMC,Cereals,Wheat,Other,Local,"2,490.00","2,530.00","2,495.00",Rs./Quintal,13-02-2026
Rajasthan,Jaipur,Chaksu APMC,Cereals,Wheat,Other,Local,"2,435.00","2,501.00","2,490.00",Rs./Quintal,12/2/2026
Rajasthan,Jaipur,Chaksu APMC,Cereals,Wheat,Other,Local,"2,411.00","2,551.00","2,500.00",Rs./Quintal,11/2/2026
Rajasthan,Jaipur,Chaksu APMC,Cereals,Wheat,Other,Local,"2,500.00","2,530.00","2,525.00",Rs./Quintal,9/2/2026
Rajasthan,Jaipur,Chaksu APMC,Cereals,Wheat,Other,Local,"2,509.00","2,530.00","2,514.00",Rs./Quintal,7/2/2026
Rajasthan,Jaipur,Chaksu APMC,Cereals,Wheat,Other,Local,"2,490.00","2,525.00","2,511.00",Rs./Quintal,6/2/2026
Rajasthan,Jaipur,Chaksu APMC,Cereals,Wheat,Other,Local,"2,400.00","2,529.00","2,500.00",Rs./Quintal,5/2/2026
Rajasthan,Jaipur,Chaksu APMC,Cereals,Wheat,Other,Local,"2,470.00","2,520.00","2,490.00",Rs./Quintal,4/2/2026
Rajasthan,Jaipur,Chaksu APMC,Cereals,Wheat,Other,Local,"2,490.00","2,525.00","2,500.00",Rs./Quintal,3/2/2026
Rajasthan,Jaipur,Chaksu APMC,Cereals,Wheat,Other,Local,"2,465.00","2,565.00","2,500.00",Rs./Quintal,2/2/2026
Rajasthan,Jaipur,Chaksu APMC,Cereals,Wheat,Other,Local,"2,490.00","2,523.00","2,500.00",Rs./Quintal,31-01-2026
Rajasthan,Jaipur,Chaksu APMC,Cereals,Wheat,Other,Local,"2,411.00","2,538.00","2,500.00",Rs./Quintal,30-01-2026
Rajasthan,Jaipur,Chaksu APMC,Cereals,Wheat,Other,Local,"2,500.00","2,527.00","2,520.00",Rs./Quintal,29-01-2026
Rajasthan,Jaipur,Chaksu APMC,Cereals,Wheat,Other,Local,"2,450.00","2,541.00","2,500.00",Rs./Quintal,24-01-2026
Rajasthan,Jaipur,Chaksu APMC,Cereals,Wheat,Other,Local,"2,550.00","2,550.00","2,550.00",Rs./Quintal,22-01-2026
Rajasthan,Jaipur,Chaksu APMC,Cereals,Wheat,Other,Local,"2,480.00","2,630.00","2,580.00",Rs./Quintal,21-01-2026
Rajasthan,Jaipur,Chaksu APMC,Cereals,Wheat,Other,Local,"2,580.00","2,690.00","2,600.00",Rs./Quintal,20-01-2026
Rajasthan,Jaipur,Chaksu APMC,Cereals,Wheat,Other,Local,"2,350.00","2,600.00","2,560.00",Rs./Quintal,19-01-2026
Rajasthan,Jaipur,Chaksu APMC,Cereals,Wheat,Other,Local,"2,500.00","2,613.00","2,585.00",Rs./Quintal,17-01-2026
Rajasthan,Jaipur,Chaksu APMC,Cereals,Wheat,Other,Local,"2,490.00","2,614.00","2,580.00",Rs./Quintal,16-01-2026
Rajasthan,Jaipur,Chaksu APMC,Cereals,Wheat,Other,Local,"2,500.00","2,545.00","2,516.00",Rs./Quintal,13-01-2026
Rajasthan,Jaipur,Chaksu APMC,Cereals,Wheat,Other,Local,"2,000.00","2,617.00","2,500.00",Rs./Quintal,12/1/2026
Rajasthan,Jaipur,Chaksu APMC,Cereals,Wheat,Other,Local,"2,425.00","2,425.00","2,425.00",Rs./Quintal,8/1/2026
Rajasthan,Jaipur,Chaksu APMC,Cereals,Wheat,Other,Local,"2,475.00","2,570.00","2,500.00",Rs./Quintal,7/1/2026
Rajasthan,Jaipur,Chaksu APMC,Cereals,Wheat,Other,Local,"2,475.00","2,575.00","2,541.00",Rs./Quintal,6/1/2026
Rajasthan,Jaipur,Chaksu APMC,Cereals,Wheat,Other,Local,"2,480.00","2,625.00","2,500.00",Rs./Quintal,3/1/2026
Rajasthan,Jaipur,Chaksu APMC,Cereals,Wheat,Other,Local,"2,550.00","2,563.00","2,560.00",Rs./Quintal,2/1/2026
Rajasthan,Jaipur,Chaksu APMC,Cereals,Wheat,Other,Local,"2,480.00","2,544.00","2,511.00",Rs./Quintal,1/1/2026
Rajasthan,Jaipur,Chaksu APMC,Cereals,Wheat,Other,Local,"2,431.00","2,474.00","2,450.00",Rs./Quintal,30-12-2025
Rajasthan,Jaipur,Chaksu APMC,Cereals,Wheat,Other,Local,"2,300.00","2,484.00","2,460.00",Rs./Quintal,27-12-2025
Rajasthan,Jaipur,Chaksu APMC,Cereals,Wheat,Other,Local,"2,385.00","2,455.00","2,400.00",Rs./Quintal,26-12-2025
Rajasthan,Jaipur,Chaksu APMC,Cereals,Wheat,Other,Local,"2,300.00","2,470.00","2,450.00",Rs./Quintal,25-12-2025
Rajasthan,Jaipur,Chaksu APMC,Cereals,Wheat,Other,Local,"2,380.00","2,480.00","2,450.00",Rs./Quintal,24-12-2025
Rajasthan,Jaipur,Chaksu APMC,Cereals,Wheat,Other,Local,"2,391.00","2,491.00","2,450.00",Rs./Quintal,23-12-2025
Rajasthan,Jaipur,Chaksu APMC,Cereals,Wheat,Other,Local,"2,385.00","2,455.00","2,400.00",Rs./Quintal,20-12-2025
Rajasthan,Jaipur,Chaksu APMC,Cereals,Wheat,Other,Local,"2,411.00","2,511.00","2,474.00",Rs./Quintal,19-12-2025
Rajasthan,Jaipur,Chaksu APMC,Cereals,Wheat,Other,Local,"2,380.00","2,480.00","2,430.00",Rs./Quintal,18-12-2025
Rajasthan,Jaipur,Chaksu APMC,Cereals,Wheat,Other,Local,"2,300.00","2,480.00","2,440.00",Rs./Quintal,17-12-2025
Rajasthan,Jaipur,Chaksu APMC,Cereals,Wheat,Other,Local,"2,300.00","2,470.00","2,440.00",Rs./Quintal,16-12-2025
Rajasthan,Jaipur,Chaksu APMC,Cereals,Wheat,Other,Local,"2,375.00","2,481.00","2,440.00",Rs./Quintal,15-12-2025
Rajasthan,Jaipur,Chaksu APMC,Cereals,Wheat,Other,Local,"2,391.00","2,491.00","2,450.00",Rs./Quintal,13-12-2025
Rajasthan,Jaipur,Chaksu APMC,Cereals,Wheat,Other,Local,"2,350.00","2,470.00","2,420.00",Rs./Quintal,11/12/2025
Rajasthan,Jaipur,Chaksu APMC,Cereals,Wheat,Other,Local,"2,350.00","2,470.00","2,450.00",Rs./Quintal,10/12/2025
Rajasthan,Jaipur,Chaksu APMC,Cereals,Wheat,Other,Local,"2,300.00","2,480.00","2,450.00",Rs./Quintal,8/12/2025
Rajasthan,Jaipur,Chaksu APMC,Cereals,Wheat,Other,Local,"2,450.00","2,490.00","2,480.00",Rs./Quintal,4/12/2025
Rajasthan,Jaipur,Chaksu APMC,Cereals,Wheat,Other,Local,"2,420.00","2,500.00","2,480.00",Rs./Quintal,3/12/2025
Rajasthan,Jaipur,Chaksu APMC,Cereals,Wheat,Other,Local,"2,380.00","2,455.00","2,450.00",Rs./Quintal,1/12/2025
Rajasthan,Jaipur,Chaksu APMC,Cereals,Wheat,Other,Local,"2,300.00","2,480.00","2,450.00",Rs./Quintal,25-11-2025
Rajasthan,Jaipur,Chaksu APMC,Cereals,Wheat,Other,Local,"2,430.00","2,500.00","2,480.00",Rs./Quintal,24-11-2025
Rajasthan,Jaipur,Chaksu APMC,Cereals,Wheat,Other,Local,"2,480.00","2,500.00","2,490.00",Rs./Quintal,19-11-2025
Rajasthan,Jaipur,Chaksu APMC,Cereals,Wheat,Other,Local,"2,480.00","2,500.00","2,490.00",Rs./Quintal,18-11-2025
Rajasthan,Jaipur,Chomu Grain APMC,Cereals,Wheat,Other,Local,"2,400.00","2,400.00","2,400.00",Rs./Quintal,10/6/2026
Rajasthan,Jaipur,Chomu Grain APMC,Cereals,Wheat,Other,Local,"2,400.00","2,400.00","2,400.00",Rs./Quintal,9/6/2026
Rajasthan,Jaipur,Chomu Grain APMC,Cereals,Wheat,Other,Local,"2,300.00","2,300.00","2,300.00",Rs./Quintal,8/6/2026
Rajasthan,Jaipur,Chomu Grain APMC,Cereals,Wheat,Other,Local,"2,300.00","2,300.00","2,300.00",Rs./Quintal,4/6/2026
Rajasthan,Jaipur,Chomu Grain APMC,Cereals,Wheat,Other,Local,"2,235.00","2,235.00","2,235.00",Rs./Quintal,3/6/2026
Rajasthan,Jaipur,Chomu Grain APMC,Cereals,Wheat,Other,Local,"2,270.00","2,270.00","2,270.00",Rs./Quintal,2/6/2026
Rajasthan,Jaipur,Chomu Grain APMC,Cereals,Wheat,Other,Local,"2,350.00","2,350.00","2,350.00",Rs./Quintal,1/6/2026
Rajasthan,Jaipur,Chomu Grain APMC,Cereals,Wheat,Other,Local,"2,360.00","2,360.00","2,360.00",Rs./Quintal,28-05-2026
Rajasthan,Jaipur,Chomu Grain APMC,Cereals,Wheat,Other,Local,"2,350.00","2,350.00","2,350.00",Rs./Quintal,26-05-2026
Rajasthan,Jaipur,Chomu Grain APMC,Cereals,Wheat,Other,Local,"2,420.00","2,420.00","2,420.00",Rs./Quintal,25-05-2026
Rajasthan,Jaipur,Chomu Grain APMC,Cereals,Wheat,Other,Local,"2,300.00","2,300.00","2,300.00",Rs./Quintal,20-05-2026
Rajasthan,Jaipur,Chomu Grain APMC,Cereals,Wheat,Other,Local,"2,210.00","2,210.00","2,210.00",Rs./Quintal,19-05-2026
Rajasthan,Jaipur,Chomu Grain APMC,Cereals,Wheat,Other,Local,"2,430.00","2,430.00","2,430.00",Rs./Quintal,13-05-2026
Rajasthan,Jaipur,Chomu Grain APMC,Cereals,Wheat,Other,Local,"2,400.00","2,400.00","2,400.00",Rs./Quintal,12/5/2026
Rajasthan,Jaipur,Chomu Grain APMC,Cereals,Wheat,Other,Local,"2,340.00","2,340.00","2,340.00",Rs./Quintal,11/5/2026
Rajasthan,Jaipur,Chomu Grain APMC,Cereals,Wheat,Other,Local,"2,300.00","2,300.00","2,300.00",Rs./Quintal,6/5/2026
Rajasthan,Jaipur,Chomu Grain APMC,Cereals,Wheat,Other,Local,"2,325.00","2,325.00","2,325.00",Rs./Quintal,5/5/2026
Rajasthan,Jaipur,Chomu Grain APMC,Cereals,Wheat,Other,Local,"2,300.00","2,300.00","2,300.00",Rs./Quintal,4/5/2026
Rajasthan,Jaipur,Chomu Grain APMC,Cereals,Wheat,Other,Local,"2,450.00","2,450.00","2,450.00",Rs./Quintal,30-04-2026
Rajasthan,Jaipur,Chomu Grain APMC,Cereals,Wheat,Other,Local,"2,290.00","2,290.00","2,290.00",Rs./Quintal,29-04-2026
Rajasthan,Jaipur,Chomu Grain APMC,Cereals,Wheat,Other,Local,"2,280.00","2,280.00","2,280.00",Rs./Quintal,28-04-2026
Rajasthan,Jaipur,Chomu Grain APMC,Cereals,Wheat,Other,Local,"2,340.00","2,340.00","2,340.00",Rs./Quintal,23-04-2026
Rajasthan,Jaipur,Chomu Grain APMC,Cereals,Wheat,Other,Local,"2,400.00","2,400.00","2,400.00",Rs./Quintal,22-04-2026
Rajasthan,Jaipur,Chomu Grain APMC,Cereals,Wheat,Other,Local,"2,305.00","2,305.00","2,305.00",Rs./Quintal,21-04-2026
Rajasthan,Jaipur,Chomu Grain APMC,Cereals,Wheat,Other,Local,"2,460.00","2,460.00","2,460.00",Rs./Quintal,20-04-2026
Rajasthan,Jaipur,Chomu Grain APMC,Cereals,Wheat,Other,Local,"2,380.00","2,380.00","2,380.00",Rs./Quintal,15-04-2026
Rajasthan,Jaipur,Chomu Grain APMC,Cereals,Wheat,Other,Local,"2,350.00","2,350.00","2,350.00",Rs./Quintal,14-04-2026
Rajasthan,Jaipur,Chomu Grain APMC,Cereals,Wheat,Other,Local,"2,460.00","2,460.00","2,460.00",Rs./Quintal,2/4/2026
Rajasthan,Jaipur,Chomu Grain APMC,Cereals,Wheat,Other,Local,"2,530.00","2,530.00","2,530.00",Rs./Quintal,24-02-2026
Rajasthan,Jaipur,Chomu Grain APMC,Cereals,Wheat,Other,Local,"2,400.00","2,400.00","2,400.00",Rs./Quintal,17-02-2026
Rajasthan,Jaipur,Chomu Grain APMC,Cereals,Wheat,Other,Local,"2,626.00","2,626.00","2,626.00",Rs./Quintal,5/2/2026
Rajasthan,Jaipur,Chomu Grain APMC,Cereals,Wheat,Other,Local,"2,535.00","2,535.00","2,535.00",Rs./Quintal,15-12-2025
Rajasthan,Jaipur,Chomu Grain APMC,Cereals,Wheat,Other,Local,"2,511.00","2,511.00","2,511.00",Rs./Quintal,26-11-2025
Rajasthan,Jaipur,Dudu APMC,Cereals,Wheat,147 Average,Local,"2,302.00","2,302.00","2,302.00",Rs./Quintal,1/5/2026
Rajasthan,Jaipur,Dudu APMC,Cereals,Wheat,147 Average,Non-FAQ,"2,280.00","2,290.00","2,287.73",Rs./Quintal,27-04-2026
Rajasthan,Jaipur,Dudu APMC,Cereals,Wheat,147 Average,Non-FAQ,"2,275.00","2,275.00","2,275.00",Rs./Quintal,24-04-2026
Rajasthan,Jaipur,Dudu APMC,Cereals,Wheat,147 Average,Non-FAQ,"2,250.00","2,250.00","2,250.00",Rs./Quintal,23-04-2026
Rajasthan,Jaipur,Dudu APMC,Cereals,Wheat,147 Average,Non-FAQ,"2,400.00","2,400.00","2,400.00",Rs./Quintal,6/3/2026
Rajasthan,Jaipur,Dudu APMC,Cereals,Wheat,147 Average,Non-FAQ,"2,430.00","2,430.00","2,430.00",Rs./Quintal,27-02-2026
Rajasthan,Jaipur,Dudu APMC,Cereals,Wheat,147 Average,Non-FAQ,"2,511.00","2,511.00","2,511.00",Rs./Quintal,23-02-2026
Rajasthan,Jaipur,Dudu APMC,Cereals,Wheat,147 Average,Non-FAQ,"2,490.00","2,490.00","2,490.00",Rs./Quintal,20-02-2026
Rajasthan,Jaipur,Dudu APMC,Cereals,Wheat,147 Average,Non-FAQ,"2,610.00","2,610.00","2,610.00",Rs./Quintal,18-02-2026
Rajasthan,Jaipur,Dudu APMC,Cereals,Wheat,147 Average,Non-FAQ,"2,540.00","2,540.00","2,540.00",Rs./Quintal,12/2/2026
Rajasthan,Jaipur,Dudu APMC,Cereals,Wheat,147 Average,Non-FAQ,"2,600.00","2,600.00","2,600.00",Rs./Quintal,11/2/2026
Rajasthan,Jaipur,Dudu APMC,Cereals,Wheat,147 Average,Local,"2,630.00","2,630.00","2,630.00",Rs./Quintal,3/2/2026
Rajasthan,Jaipur,Dudu APMC,Cereals,Wheat,147 Average,Local,"2,585.00","2,585.00","2,585.00",Rs./Quintal,2/2/2026
Rajasthan,Jaipur,Dudu APMC,Cereals,Wheat,147 Average,Local,"2,640.00","2,640.00","2,640.00",Rs./Quintal,30-01-2026
Rajasthan,Jaipur,Dudu APMC,Cereals,Wheat,147 Average,Local,"2,620.00","2,620.00","2,620.00",Rs./Quintal,27-01-2026
Rajasthan,Jaipur,Dudu APMC,Cereals,Wheat,147 Average,Local,"2,600.00","2,600.00","2,600.00",Rs./Quintal,22-01-2026
Rajasthan,Jaipur,Dudu APMC,Cereals,Wheat,147 Average,Local,"2,630.00","2,630.00","2,630.00",Rs./Quintal,21-01-2026
Rajasthan,Jaipur,Dudu APMC,Cereals,Wheat,147 Average,Local,"2,650.00","2,650.00","2,650.00",Rs./Quintal,20-01-2026
Rajasthan,Jaipur,Dudu APMC,Cereals,Wheat,147 Average,Local,"2,610.00","2,610.00","2,610.00",Rs./Quintal,19-01-2026
Rajasthan,Jaipur,Dudu APMC,Cereals,Wheat,147 Average,Local,"2,630.00","2,630.00","2,630.00",Rs./Quintal,17-01-2026
Rajasthan,Jaipur,Dudu APMC,Cereals,Wheat,147 Average,Local,"2,500.00","2,500.00","2,500.00",Rs./Quintal,16-01-2026
Rajasthan,Jaipur,Dudu APMC,Cereals,Wheat,147 Average,Local,"2,630.00","2,630.00","2,630.00",Rs./Quintal,13-01-2026
Rajasthan,Jaipur,Dudu APMC,Cereals,Wheat,147 Average,Local,"2,600.00","2,600.00","2,600.00",Rs./Quintal,12/1/2026
Rajasthan,Jaipur,Dudu APMC,Cereals,Wheat,147 Average,Local,"2,621.00","2,621.00","2,621.00",Rs./Quintal,10/1/2026
Rajasthan,Jaipur,Dudu APMC,Cereals,Wheat,147 Average,Local,"2,500.00","2,500.00","2,500.00",Rs./Quintal,8/1/2026
Rajasthan,Jaipur,Dudu APMC,Cereals,Wheat,147 Average,Local,"2,520.00","2,520.00","2,520.00",Rs./Quintal,7/1/2026
Rajasthan,Jaipur,Dudu APMC,Cereals,Wheat,147 Average,Local,"2,515.00","2,515.00","2,515.00",Rs./Quintal,6/1/2026
Rajasthan,Jaipur,Dudu APMC,Cereals,Wheat,147 Average,Local,"2,530.00","2,530.00","2,530.00",Rs./Quintal,5/1/2026
Rajasthan,Jaipur,Dudu APMC,Cereals,Wheat,147 Average,Local,"2,460.00","2,460.00","2,460.00",Rs./Quintal,2/1/2026
Rajasthan,Jaipur,Dudu APMC,Cereals,Wheat,147 Average,Local,"2,560.00","2,560.00","2,560.00",Rs./Quintal,1/1/2026
Rajasthan,Jaipur,Dudu APMC,Cereals,Wheat,147 Average,Local,"2,510.00","2,510.00","2,510.00",Rs./Quintal,29-12-2025
Rajasthan,Jaipur,Dudu APMC,Cereals,Wheat,147 Average,Local,"2,510.00","2,510.00","2,510.00",Rs./Quintal,23-12-2025
Rajasthan,Jaipur,Dudu APMC,Cereals,Wheat,147 Average,Local,"2,504.00","2,504.00","2,504.00",Rs./Quintal,22-12-2025
Rajasthan,Jaipur,Dudu APMC,Cereals,Wheat,147 Average,Local,"2,504.00","2,504.00","2,504.00",Rs./Quintal,28-11-2025
Rajasthan,Jaipur,Dudu APMC,Cereals,Wheat,147 Average,Local,"2,510.00","2,510.00","2,510.00",Rs./Quintal,25-11-2025
Rajasthan,Jaipur,Dudu APMC,Cereals,Wheat,147 Average,Local,"2,530.00","2,530.00","2,530.00",Rs./Quintal,24-11-2025
Rajasthan,Jaipur,Dudu APMC,Cereals,Wheat,147 Average,Local,"2,540.00","2,540.00","2,540.00",Rs./Quintal,21-11-2025
Rajasthan,Jaipur,Dudu APMC,Cereals,Wheat,147 Average,Local,"2,540.00","2,540.00","2,540.00",Rs./Quintal,20-11-2025
Rajasthan,Jaipur,Dudu APMC,Cereals,Wheat,147 Average,Local,"2,531.00","2,531.00","2,531.00",Rs./Quintal,18-11-2025
Rajasthan,Jaipur,Dudu APMC,Cereals,Wheat,147 Average,Local,"2,540.00","2,540.00","2,540.00",Rs./Quintal,17-11-2025
Rajasthan,Jaipur,Dudu APMC,Cereals,Wheat,147 Average,Local,"2,500.00","2,500.00","2,500.00",Rs./Quintal,16-11-2025
Rajasthan,Jaipur,Dudu APMC,Cereals,Wheat,147 Average,Local,"2,535.00","2,535.00","2,535.00",Rs./Quintal,8/11/2025
Rajasthan,Jaipur,Dudu APMC,Cereals,Wheat,147 Average,Local,"2,500.00","2,500.00","2,500.00",Rs./Quintal,7/11/2025
Rajasthan,Jaipur,Jaipur (Grain) APMC,Cereals,Wheat,Kalyan,Grade Range-2,"2,300.00","2,300.00","2,300.00",Rs./Quintal,4/6/2026
Rajasthan,Jaipur,Jaipur (Grain) APMC,Cereals,Wheat,Kalyan,Grade Range-2,"2,350.00","2,350.00","2,350.00",Rs./Quintal,21-05-2026
Rajasthan,Jaipur,Jaipur (Grain) APMC,Cereals,Wheat,Kalyan,Grade Range-2,"2,350.00","2,350.00","2,350.00",Rs./Quintal,11/5/2026
Rajasthan,Jaipur,Jaipur (Grain) APMC,Cereals,Wheat,Kalyan,Grade Range-2,"2,350.00","2,350.00","2,350.00",Rs./Quintal,5/5/2026
Rajasthan,Jaipur,Jaipur (Grain) APMC,Cereals,Wheat,Other,Grade Range-2,"2,550.00","2,550.00","2,550.00",Rs./Quintal,3/2/2026
Rajasthan,Jaipur,Jaipur (Grain) APMC,Cereals,Wheat,Other,Grade Range-2,"2,500.00","2,500.00","2,500.00",Rs./Quintal,2/2/2026
Rajasthan,Jaipur,Kishangarh Renwal APMC,Cereals,Wheat,Other,Local,"2,375.00","2,425.00","2,400.00",Rs./Quintal,10/6/2026
Rajasthan,Jaipur,Kishangarh Renwal APMC,Cereals,Wheat,Other,Local,"2,400.00","2,450.00","2,425.00",Rs./Quintal,9/6/2026
Rajasthan,Jaipur,Kishangarh Renwal APMC,Cereals,Wheat,Other,Local,"2,350.00","2,400.00","2,375.00",Rs./Quintal,8/6/2026
Rajasthan,Jaipur,Kishangarh Renwal APMC,Cereals,Wheat,Other,Local,"2,350.00","2,400.00","2,375.00",Rs./Quintal,7/6/2026
Rajasthan,Jaipur,Kishangarh Renwal APMC,Cereals,Wheat,Other,Local,"2,350.00","2,400.00","2,375.00",Rs./Quintal,3/6/2026
Rajasthan,Jaipur,Kishangarh Renwal APMC,Cereals,Wheat,Other,Local,"2,400.00","2,500.00","2,450.00",Rs./Quintal,1/6/2026
Rajasthan,Jaipur,Kishangarh Renwal APMC,Cereals,Wheat,Other,Local,"2,350.00","2,400.00","2,375.00",Rs./Quintal,31-05-2026
Rajasthan,Jaipur,Kishangarh Renwal APMC,Cereals,Wheat,Other,Local,"2,500.00","2,600.00","2,550.00",Rs./Quintal,28-05-2026
Rajasthan,Jaipur,Kishangarh Renwal APMC,Cereals,Wheat,Other,Local,"2,350.00","2,400.00","2,375.00",Rs./Quintal,26-05-2026
Rajasthan,Jaipur,Kishangarh Renwal APMC,Cereals,Wheat,Other,Local,"2,350.00","2,400.00","2,375.00",Rs./Quintal,25-05-2026
Rajasthan,Jaipur,Kishangarh Renwal APMC,Cereals,Wheat,Other,Local,"2,350.00","2,400.00","2,375.00",Rs./Quintal,24-05-2026
Rajasthan,Jaipur,Kishangarh Renwal APMC,Cereals,Wheat,Other,Local,"2,350.00","2,400.00","2,375.00",Rs./Quintal,21-05-2026
Rajasthan,Jaipur,Kishangarh Renwal APMC,Cereals,Wheat,Other,Local,"2,350.00","2,400.00","2,375.00",Rs./Quintal,20-05-2026
Rajasthan,Jaipur,Kishangarh Renwal APMC,Cereals,Wheat,Other,Local,"2,400.00","2,450.00","2,425.00",Rs./Quintal,19-05-2026
Rajasthan,Jaipur,Kishangarh Renwal APMC,Cereals,Wheat,Other,Local,"2,400.00","2,450.00","2,425.00",Rs./Quintal,18-05-2026
Rajasthan,Jaipur,Kishangarh Renwal APMC,Cereals,Wheat,Other,Local,"2,450.00","2,500.00","2,475.00",Rs./Quintal,14-05-2026
Rajasthan,Jaipur,Kishangarh Renwal APMC,Cereals,Wheat,Other,Local,"2,400.00","2,450.00","2,425.00",Rs./Quintal,12/5/2026
Rajasthan,Jaipur,Kishangarh Renwal APMC,Cereals,Wheat,Other,Local,"2,400.00","2,500.00","2,450.00",Rs./Quintal,11/5/2026
Rajasthan,Jaipur,Kishangarh Renwal APMC,Cereals,Wheat,Other,Local,"2,350.00","2,450.00","2,400.00",Rs./Quintal,7/5/2026
Rajasthan,Jaipur,Kishangarh Renwal APMC,Cereals,Wheat,Other,Local,"2,400.00","2,500.00","2,450.00",Rs./Quintal,6/5/2026
Rajasthan,Jaipur,Kishangarh Renwal APMC,Cereals,Wheat,Other,Local,"2,300.00","2,500.00","2,400.00",Rs./Quintal,5/5/2026
Rajasthan,Jaipur,Kishangarh Renwal APMC,Cereals,Wheat,Other,Local,"2,300.00","2,400.00","2,350.00",Rs./Quintal,4/5/2026
Rajasthan,Jaipur,Kishangarh Renwal APMC,Cereals,Wheat,Other,Local,"2,600.00","2,650.00","2,625.00",Rs./Quintal,30-04-2026
Rajasthan,Jaipur,Kishangarh Renwal APMC,Cereals,Wheat,Other,Local,"2,300.00","2,350.00","2,325.00",Rs./Quintal,29-04-2026
Rajasthan,Jaipur,Kishangarh Renwal APMC,Cereals,Wheat,Other,Local,"2,200.00","2,300.00","2,250.00",Rs./Quintal,28-04-2026
Rajasthan,Jaipur,Kishangarh Renwal APMC,Cereals,Wheat,Other,Local,"2,300.00","2,400.00","2,350.00",Rs./Quintal,27-04-2026
Rajasthan,Jaipur,Kishangarh Renwal APMC,Cereals,Wheat,Other,Local,"2,300.00","2,350.00","2,325.00",Rs./Quintal,21-04-2026
Rajasthan,Jaipur,Kishangarh Renwal APMC,Cereals,Wheat,Other,Local,"2,300.00","2,350.00","2,325.00",Rs./Quintal,20-04-2026
Rajasthan,Jaipur,Kishangarh Renwal APMC,Cereals,Wheat,Other,Local,"2,300.00","2,350.00","2,325.00",Rs./Quintal,19-04-2026
Rajasthan,Jaipur,Kishangarh Renwal APMC,Cereals,Wheat,Other,Local,"2,400.00","2,450.00","2,425.00",Rs./Quintal,16-04-2026
Rajasthan,Jaipur,Kishangarh Renwal APMC,Cereals,Wheat,Other,Local,"2,300.00","2,400.00","2,350.00",Rs./Quintal,15-04-2026
Rajasthan,Jaipur,Kishangarh Renwal APMC,Cereals,Wheat,Other,Local,"2,300.00","2,350.00","2,325.00",Rs./Quintal,14-04-2026
Rajasthan,Jaipur,Kishangarh Renwal APMC,Cereals,Wheat,Other,Local,"2,250.00","2,300.00","2,275.00",Rs./Quintal,12/4/2026
Rajasthan,Jaipur,Kishangarh Renwal APMC,Cereals,Wheat,Other,Local,"2,300.00","2,350.00","2,325.00",Rs./Quintal,9/4/2026
Rajasthan,Jaipur,Kishangarh Renwal APMC,Cereals,Wheat,Other,Local,"2,250.00","2,300.00","2,275.00",Rs./Quintal,8/4/2026
Rajasthan,Jaipur,Kishangarh Renwal APMC,Cereals,Wheat,Other,Local,"2,200.00","2,250.00","2,225.00",Rs./Quintal,7/4/2026
Rajasthan,Jaipur,Kishangarh Renwal APMC,Cereals,Wheat,Other,Local,"2,150.00","2,200.00","2,175.00",Rs./Quintal,6/4/2026
Rajasthan,Jaipur,Kishangarh Renwal APMC,Cereals,Wheat,Other,Local,"2,250.00","2,300.00","2,275.00",Rs./Quintal,5/4/2026
Rajasthan,Jaipur,Kishangarh Renwal APMC,Cereals,Wheat,Other,Local,"2,200.00","2,300.00","2,250.00",Rs./Quintal,1/4/2026
Rajasthan,Jaipur,Kishangarh Renwal APMC,Cereals,Wheat,Other,Local,"2,300.00","2,350.00","2,325.00",Rs./Quintal,31-03-2026
Rajasthan,Jaipur,Kishangarh Renwal APMC,Cereals,Wheat,Other,Local,"2,300.00","2,350.00","2,325.00",Rs./Quintal,29-03-2026
Rajasthan,Jaipur,Kishangarh Renwal APMC,Cereals,Wheat,Other,Local,"2,200.00","2,320.00","2,260.00",Rs./Quintal,26-03-2026
Rajasthan,Jaipur,Kishangarh Renwal APMC,Cereals,Wheat,Other,Local,"2,250.00","2,300.00","2,275.00",Rs./Quintal,24-03-2026
Rajasthan,Jaipur,Kishangarh Renwal APMC,Cereals,Wheat,Other,Local,"2,300.00","2,400.00","2,350.00",Rs./Quintal,23-03-2026
Rajasthan,Jaipur,Kishangarh Renwal APMC,Cereals,Wheat,Other,Local,"2,300.00","2,400.00","2,350.00",Rs./Quintal,22-03-2026
Rajasthan,Jaipur,Kishangarh Renwal APMC,Cereals,Wheat,Other,Local,"2,200.00","2,300.00","2,250.00",Rs./Quintal,18-03-2026
Rajasthan,Jaipur,Kishangarh Renwal APMC,Cereals,Wheat,Other,Local,"2,300.00","2,350.00","2,325.00",Rs./Quintal,16-03-2026
Rajasthan,Jaipur,Kishangarh Renwal APMC,Cereals,Wheat,Other,Local,"2,300.00","2,400.00","2,350.00",Rs./Quintal,15-03-2026
Rajasthan,Jaipur,Kishangarh Renwal APMC,Cereals,Wheat,Other,Local,"2,400.00","2,450.00","2,425.00",Rs./Quintal,11/3/2026
Rajasthan,Jaipur,Kishangarh Renwal APMC,Cereals,Wheat,Other,Local,"2,400.00","2,500.00","2,450.00",Rs./Quintal,8/3/2026
Rajasthan,Jaipur,Kishangarh Renwal APMC,Cereals,Wheat,Other,Local,"2,450.00","2,500.00","2,475.00",Rs./Quintal,3/3/2026
Rajasthan,Jaipur,Kishangarh Renwal APMC,Cereals,Wheat,Other,Local,"2,600.00","2,700.00","2,650.00",Rs./Quintal,19-02-2026
Rajasthan,Jaipur,Kishangarh Renwal APMC,Cereals,Wheat,Other,Local,"2,600.00","2,650.00","2,625.00",Rs./Quintal,8/2/2026
Rajasthan,Jaipur,Kishangarh Renwal APMC,Cereals,Wheat,Other,Local,"2,500.00","2,550.00","2,525.00",Rs./Quintal,1/2/2026
Rajasthan,Jaipur,Kishangarh Renwal APMC,Cereals,Wheat,Other,Local,"2,500.00","2,550.00","2,525.00",Rs./Quintal,28-01-2026
Rajasthan,Jaipur,Kishangarh Renwal APMC,Cereals,Wheat,Other,Local,"2,600.00","2,700.00","2,650.00",Rs./Quintal,26-01-2026
Rajasthan,Jaipur,Kishangarh Renwal APMC,Cereals,Wheat,Other,Local,"2,400.00","2,600.00","2,500.00",Rs./Quintal,21-01-2026
Rajasthan,Jaipur,Kishangarh Renwal APMC,Cereals,Wheat,Other,Local,"2,600.00","2,700.00","2,650.00",Rs./Quintal,18-01-2026
Rajasthan,Jaipur,Kishangarh Renwal APMC,Cereals,Wheat,Other,Local,"2,650.00","2,700.00","2,675.00",Rs./Quintal,12/1/2026
Rajasthan,Jaipur,Kishangarh Renwal APMC,Cereals,Wheat,Other,Local,"2,700.00","2,750.00","2,725.00",Rs./Quintal,8/1/2026
Rajasthan,Jaipur,Kishangarh Renwal APMC,Cereals,Wheat,Other,Local,"2,700.00","2,750.00","2,725.00",Rs./Quintal,7/1/2026
Rajasthan,Jaipur,Kishangarh Renwal APMC,Cereals,Wheat,Other,Local,"2,500.00","2,600.00","2,550.00",Rs./Quintal,5/1/2026
Rajasthan,Jaipur,Kishangarh Renwal APMC,Cereals,Wheat,Other,Local,"2,600.00","2,700.00","2,650.00",Rs./Quintal,31-12-2025
Rajasthan,Jaipur,Kishangarh Renwal APMC,Cereals,Wheat,Other,Local,"2,800.00","2,850.00","2,825.00",Rs./Quintal,29-12-2025
Rajasthan,Jaipur,Kishangarh Renwal APMC,Cereals,Wheat,Other,Local,"2,500.00","2,550.00","2,525.00",Rs./Quintal,25-12-2025
Rajasthan,Jaipur,Kishangarh Renwal APMC,Cereals,Wheat,Other,Local,"2,500.00","2,550.00","2,525.00",Rs./Quintal,23-12-2025
Rajasthan,Jaipur,Kishangarh Renwal APMC,Cereals,Wheat,Other,Local,"2,700.00","2,750.00","2,725.00",Rs./Quintal,22-12-2025
Rajasthan,Jaipur,Kishangarh Renwal APMC,Cereals,Wheat,Other,Local,"2,600.00","2,650.00","2,625.00",Rs./Quintal,11/12/2025
Rajasthan,Jaipur,Kishangarh Renwal APMC,Cereals,Wheat,Other,Local,"2,800.00","2,850.00","2,825.00",Rs./Quintal,7/12/2025
Rajasthan,Jaipur,Kishangarh Renwal APMC,Cereals,Wheat,Other,Local,"2,600.00","2,700.00","2,640.00",Rs./Quintal,3/12/2025
Rajasthan,Jaipur,Kishangarh Renwal APMC,Cereals,Wheat,Other,Local,"2,500.00","2,600.00","2,550.00",Rs./Quintal,30-11-2025
Rajasthan,Jaipur,Kishangarh Renwal APMC,Cereals,Wheat,Other,Local,"2,700.00","2,750.00","2,725.00",Rs./Quintal,27-11-2025
Rajasthan,Jaipur,Kishangarh Renwal APMC,Cereals,Wheat,Other,Local,"2,400.00","2,500.00","2,450.00",Rs./Quintal,24-11-2025
Rajasthan,Jaipur,Kishangarh Renwal APMC,Cereals,Wheat,Other,Local,"2,600.00","2,650.00","2,625.00",Rs./Quintal,23-11-2025
Rajasthan,Jaipur,Kishangarh Renwal APMC,Cereals,Wheat,Other,Local,"2,600.00","2,650.00","2,625.00",Rs./Quintal,20-11-2025
Rajasthan,Jaipur,Kishangarh Renwal APMC,Cereals,Wheat,Other,Local,"2,500.00","2,600.00","2,550.00",Rs./Quintal,17-11-2025
Rajasthan,Jaipur,Kishangarh Renwal APMC,Cereals,Wheat,Other,Local,"2,600.00","2,650.00","2,625.00",Rs./Quintal,13-11-2025
Rajasthan,Jaipur,Kishangarh Renwal APMC,Cereals,Wheat,Other,Local,"2,500.00","2,550.00","2,525.00",Rs./Quintal,12/11/2025
Rajasthan,Jaipur,Kishangarh Renwal APMC,Cereals,Wheat,Other,Local,"2,600.00","2,675.00","2,650.00",Rs./Quintal,11/11/2025
Rajasthan,Jaipur,Rajdhanai Mandi KukarKheda APMC,Cereals,Wheat,147 Average,Grade Range-2,"2,900.00","2,900.00","2,900.00",Rs./Quintal,8/6/2026
Rajasthan,Jaipur,Rajdhanai Mandi KukarKheda APMC,Cereals,Wheat,147 Average,Grade Range-2,"2,900.00","2,900.00","2,900.00",Rs./Quintal,4/6/2026
Rajasthan,Jaipur,Rajdhanai Mandi KukarKheda APMC,Cereals,Wheat,147 Average,Grade Range-2,"2,900.00","2,900.00","2,900.00",Rs./Quintal,3/6/2026
Rajasthan,Jaipur,Rajdhanai Mandi KukarKheda APMC,Cereals,Wheat,147 Average,Grade Range-2,"2,950.00","2,950.00","2,950.00",Rs./Quintal,2/6/2026
Rajasthan,Jaipur,Rajdhanai Mandi KukarKheda APMC,Cereals,Wheat,147 Average,Grade Range-2,"2,950.00","2,950.00","2,950.00",Rs./Quintal,1/6/2026
Rajasthan,Jaipur,Rajdhanai Mandi KukarKheda APMC,Cereals,Wheat,147 Average,Grade Range-2,"2,900.00","2,900.00","2,900.00",Rs./Quintal,26-05-2026
Rajasthan,Jaipur,Rajdhanai Mandi KukarKheda APMC,Cereals,Wheat,147 Average,Grade Range-2,"2,900.00","2,900.00","2,900.00",Rs./Quintal,25-05-2026
Rajasthan,Jaipur,Rajdhanai Mandi KukarKheda APMC,Cereals,Wheat,147 Average,Grade Range-2,"2,900.00","2,900.00","2,900.00",Rs./Quintal,22-05-2026
Rajasthan,Jaipur,Rajdhanai Mandi KukarKheda APMC,Cereals,Wheat,147 Average,Grade Range-2,"2,900.00","2,900.00","2,900.00",Rs./Quintal,21-05-2026
Rajasthan,Jaipur,Rajdhanai Mandi KukarKheda APMC,Cereals,Wheat,147 Average,Grade Range-2,"2,900.00","2,900.00","2,900.00",Rs./Quintal,19-05-2026
Rajasthan,Jaipur,Rajdhanai Mandi KukarKheda APMC,Cereals,Wheat,147 Average,Grade Range-2,"2,900.00","2,900.00","2,900.00",Rs./Quintal,18-05-2026
Rajasthan,Jaipur,Rajdhanai Mandi KukarKheda APMC,Cereals,Wheat,147 Average,Grade Range-2,"2,900.00","2,900.00","2,900.00",Rs./Quintal,7/5/2026
Rajasthan,Jaipur,Rajdhanai Mandi KukarKheda APMC,Cereals,Wheat,147 Average,Grade Range-2,"2,900.00","2,900.00","2,900.00",Rs./Quintal,6/5/2026
Rajasthan,Jaipur,Rajdhanai Mandi KukarKheda APMC,Cereals,Wheat,147 Average,Grade Range-2,"2,900.00","2,900.00","2,900.00",Rs./Quintal,30-04-2026
Rajasthan,Jaipur,Rajdhanai Mandi KukarKheda APMC,Cereals,Wheat,147 Average,Grade Range-2,"2,900.00","2,900.00","2,900.00",Rs./Quintal,29-04-2026
Rajasthan,Jaipur,Rajdhanai Mandi KukarKheda APMC,Cereals,Wheat,147 Average,Grade Range-2,"2,900.00","2,900.00","2,900.00",Rs./Quintal,28-04-2026
Rajasthan,Jaipur,Rajdhanai Mandi KukarKheda APMC,Cereals,Wheat,147 Average,Grade Range-2,"2,520.00","2,520.00","2,520.00",Rs./Quintal,24-04-2026
Rajasthan,Jaipur,Rajdhanai Mandi KukarKheda APMC,Cereals,Wheat,147 Average,Grade Range-2,"2,530.00","2,530.00","2,530.00",Rs./Quintal,23-04-2026
Rajasthan,Jaipur,Rajdhanai Mandi KukarKheda APMC,Cereals,Wheat,147 Average,Grade Range-2,"2,520.00","2,520.00","2,520.00",Rs./Quintal,22-04-2026
Rajasthan,Jaipur,Rajdhanai Mandi KukarKheda APMC,Cereals,Wheat,147 Average,Grade Range-2,"2,525.00","2,525.00","2,525.00",Rs./Quintal,21-04-2026
Rajasthan,Jaipur,Rajdhanai Mandi KukarKheda APMC,Cereals,Wheat,147 Average,Grade Range-2,"2,900.00","2,900.00","2,900.00",Rs./Quintal,17-03-2026
Rajasthan,Jaipur,Rajdhanai Mandi KukarKheda APMC,Cereals,Wheat,147 Average,Grade Range-2,"3,100.00","3,100.00","3,100.00",Rs./Quintal,5/3/2026
Rajasthan,Jaipur,Rajdhanai Mandi KukarKheda APMC,Cereals,Wheat,147 Average,Grade Range-2,"3,100.00","3,100.00","3,100.00",Rs./Quintal,17-02-2026
Rajasthan,Jaipur,Rajdhanai Mandi KukarKheda APMC,Cereals,Wheat,147 Average,Grade Range-2,"3,100.00","3,100.00","3,100.00",Rs./Quintal,11/2/2026
Rajasthan,Jaipur,Rajdhanai Mandi KukarKheda APMC,Cereals,Wheat,147 Average,Grade Range-2,"3,100.00","3,100.00","3,100.00",Rs./Quintal,27-01-2026
Rajasthan,Jaipur,Rajdhanai Mandi KukarKheda APMC,Cereals,Wheat,147 Average,Grade Range-2,"3,100.00","3,100.00","3,100.00",Rs./Quintal,23-12-2025
Rajasthan,Jaipur,Rajdhanai Mandi KukarKheda APMC,Cereals,Wheat,147 Average,Grade Range-2,"3,100.00","3,100.00","3,100.00",Rs./Quintal,16-12-2025
Rajasthan,Jaipur,Rajdhanai Mandi KukarKheda APMC,Cereals,Wheat,147 Average,Grade Range-2,"3,100.00","3,100.00","3,100.00",Rs./Quintal,10/12/2025
Rajasthan,Jaipur,Rajdhanai Mandi KukarKheda APMC,Cereals,Wheat,147 Average,Grade Range-2,"3,100.00","3,100.00","3,100.00",Rs./Quintal,2/12/2025
Rajasthan,Jaipur,Rajdhanai Mandi KukarKheda APMC,Cereals,Wheat,147 Average,Grade Range-2,"3,150.00","3,150.00","3,150.00",Rs./Quintal,28-11-2025
Rajasthan,Jaipur,Rajdhanai Mandi KukarKheda APMC,Cereals,Wheat,147 Average,Grade Range-2,"3,150.00","3,150.00","3,150.00",Rs./Quintal,20-11-2025
Rajasthan,Jaipur,Rajdhanai Mandi KukarKheda APMC,Cereals,Wheat,147 Average,Grade Range-2,"3,100.00","3,100.00","3,100.00",Rs./Quintal,14-11-2025
Rajasthan,Jaipur,Rajdhanai Mandi KukarKheda APMC,Cereals,Wheat,147 Average,Local,"3,200.00","3,200.00","3,200.00",Rs./Quintal,8/11/2025
